date,territory,brand,rep_id,hcp_calls,hcp_visits,samples_distributed,digital_interactions
2021-01-01,E-301,BrandA,REP_E-301,30,5,40,53
2021-01-01,E-301,BrandB,REP_E-301,16,6,42,53
2021-01-01,E-301,BrandC,REP_E-301,30,12,33,60
2021-01-01,E-301,BrandD,REP_E-301,21,7,47,50
2021-01-01,E-302,BrandA,REP_E-302,20,7,47,61
2021-01-01,E-302,BrandB,REP_E-302,17,11,44,62
2021-01-01,E-302,BrandC,REP_E-302,22,10,52,57
2021-01-01,E-302,BrandD,REP_E-302,22,6,41,49
2021-01-01,E-303,BrandA,REP_E-303,17,8,44,55
2021-01-01,E-303,BrandB,REP_E-303,23,9,41,47
2021-01-01,E-303,BrandC,REP_E-303,27,11,35,58
2021-01-01,E-303,BrandD,REP_E-303,26,9,48,65
2021-01-01,N-101,BrandA,REP_N-101,28,8,34,52
2021-01-01,N-101,BrandB,REP_N-101,26,8,42,55
2021-01-01,N-101,BrandC,REP_N-101,23,4,44,57
2021-01-01,N-101,BrandD,REP_N-101,13,8,37,50
2021-01-01,N-102,BrandA,REP_N-102,12,12,42,58
2021-01-01,N-102,BrandB,REP_N-102,17,9,38,48
2021-01-01,N-102,BrandC,REP_N-102,17,3,48,55
2021-01-01,N-102,BrandD,REP_N-102,18,4,47,64
2021-01-01,N-103,BrandA,REP_N-103,18,9,40,54
2021-01-01,N-103,BrandB,REP_N-103,22,4,35,47
2021-01-01,N-103,BrandC,REP_N-103,16,5,29,68
2021-01-01,N-103,BrandD,REP_N-103,20,8,46,50
2021-01-01,S-201,BrandA,REP_S-201,19,9,41,51
2021-01-01,S-201,BrandB,REP_S-201,26,4,40,44
2021-01-01,S-201,BrandC,REP_S-201,22,11,50,43
2021-01-01,S-201,BrandD,REP_S-201,22,9,35,49
2021-01-01,S-202,BrandA,REP_S-202,16,9,37,49
2021-01-01,S-202,BrandB,REP_S-202,16,9,38,56
2021-01-01,S-202,BrandC,REP_S-202,26,12,41,66
2021-01-01,S-202,BrandD,REP_S-202,18,8,47,57
2021-01-01,S-203,BrandA,REP_S-203,20,9,33,56
2021-01-01,S-203,BrandB,REP_S-203,25,6,39,50
2021-01-01,S-203,BrandC,REP_S-203,16,10,39,60
2021-01-01,S-203,BrandD,REP_S-203,20,13,56,43
2021-01-01,W-401,BrandA,REP_W-401,12,9,40,64
2021-01-01,W-401,BrandB,REP_W-401,22,9,40,67
2021-01-01,W-401,BrandC,REP_W-401,20,5,50,53
2021-01-01,W-401,BrandD,REP_W-401,23,7,50,73
2021-01-01,W-402,BrandA,REP_W-402,22,8,39,47
2021-01-01,W-402,BrandB,REP_W-402,18,7,40,52
2021-01-01,W-402,BrandC,REP_W-402,21,4,35,64
2021-01-01,W-402,BrandD,REP_W-402,17,7,34,57
2021-01-01,W-403,BrandA,REP_W-403,21,7,36,55
2021-01-01,W-403,BrandB,REP_W-403,24,5,45,54
2021-01-01,W-403,BrandC,REP_W-403,27,12,39,57
2021-01-01,W-403,BrandD,REP_W-403,21,10,39,46
2021-02-01,E-301,BrandA,REP_E-301,32,8,45,52
2021-02-01,E-301,BrandB,REP_E-301,17,7,45,62
2021-02-01,E-301,BrandC,REP_E-301,22,10,41,62
2021-02-01,E-301,BrandD,REP_E-301,24,7,52,55
2021-02-01,E-302,BrandA,REP_E-302,27,9,32,52
2021-02-01,E-302,BrandB,REP_E-302,24,11,43,51
2021-02-01,E-302,BrandC,REP_E-302,25,6,42,41
2021-02-01,E-302,BrandD,REP_E-302,21,10,41,53
2021-02-01,E-303,BrandA,REP_E-303,13,11,53,61
2021-02-01,E-303,BrandB,REP_E-303,31,11,36,60
2021-02-01,E-303,BrandC,REP_E-303,24,8,45,61
2021-02-01,E-303,BrandD,REP_E-303,22,12,46,45
2021-02-01,N-101,BrandA,REP_N-101,20,7,39,50
2021-02-01,N-101,BrandB,REP_N-101,16,11,54,38
2021-02-01,N-101,BrandC,REP_N-101,20,9,43,47
2021-02-01,N-101,BrandD,REP_N-101,19,4,34,42
2021-02-01,N-102,BrandA,REP_N-102,20,7,30,57
2021-02-01,N-102,BrandB,REP_N-102,12,9,40,55
2021-02-01,N-102,BrandC,REP_N-102,24,8,36,54
2021-02-01,N-102,BrandD,REP_N-102,18,6,41,55
2021-02-01,N-103,BrandA,REP_N-103,18,11,53,37
2021-02-01,N-103,BrandB,REP_N-103,23,13,50,58
2021-02-01,N-103,BrandC,REP_N-103,23,6,44,50
2021-02-01,N-103,BrandD,REP_N-103,24,7,28,57
2021-02-01,S-201,BrandA,REP_S-201,20,10,33,60
2021-02-01,S-201,BrandB,REP_S-201,25,7,39,48
2021-02-01,S-201,BrandC,REP_S-201,29,5,43,60
2021-02-01,S-201,BrandD,REP_S-201,18,9,35,52
2021-02-01,S-202,BrandA,REP_S-202,20,9,40,54
2021-02-01,S-202,BrandB,REP_S-202,16,10,48,48
2021-02-01,S-202,BrandC,REP_S-202,23,10,31,63
2021-02-01,S-202,BrandD,REP_S-202,18,8,43,43
2021-02-01,S-203,BrandA,REP_S-203,18,7,33,62
2021-02-01,S-203,BrandB,REP_S-203,27,12,44,56
2021-02-01,S-203,BrandC,REP_S-203,26,7,31,59
2021-02-01,S-203,BrandD,REP_S-203,25,7,36,47
2021-02-01,W-401,BrandA,REP_W-401,29,6,50,49
2021-02-01,W-401,BrandB,REP_W-401,19,14,25,58
2021-02-01,W-401,BrandC,REP_W-401,20,7,32,63
2021-02-01,W-401,BrandD,REP_W-401,26,8,43,65
2021-02-01,W-402,BrandA,REP_W-402,26,9,42,43
2021-02-01,W-402,BrandB,REP_W-402,26,10,45,52
2021-02-01,W-402,BrandC,REP_W-402,26,5,55,68
2021-02-01,W-402,BrandD,REP_W-402,31,8,30,67
2021-02-01,W-403,BrandA,REP_W-403,24,8,43,59
2021-02-01,W-403,BrandB,REP_W-403,21,9,42,52
2021-02-01,W-403,BrandC,REP_W-403,25,5,40,55
2021-02-01,W-403,BrandD,REP_W-403,30,6,52,49
2021-03-01,E-301,BrandA,REP_E-301,10,7,34,44
2021-03-01,E-301,BrandB,REP_E-301,18,13,34,48
2021-03-01,E-301,BrandC,REP_E-301,16,11,31,50
2021-03-01,E-301,BrandD,REP_E-301,26,6,34,58
2021-03-01,E-302,BrandA,REP_E-302,37,4,41,58
2021-03-01,E-302,BrandB,REP_E-302,24,6,38,53
2021-03-01,E-302,BrandC,REP_E-302,22,11,46,55
2021-03-01,E-302,BrandD,REP_E-302,21,1,35,45
2021-03-01,E-303,BrandA,REP_E-303,21,8,42,49
2021-03-01,E-303,BrandB,REP_E-303,22,7,42,69
2021-03-01,E-303,BrandC,REP_E-303,32,7,49,45
2021-03-01,E-303,BrandD,REP_E-303,23,7,40,68
2021-03-01,N-101,BrandA,REP_N-101,25,11,36,45
2021-03-01,N-101,BrandB,REP_N-101,17,9,44,63
2021-03-01,N-101,BrandC,REP_N-101,24,13,40,52
2021-03-01,N-101,BrandD,REP_N-101,18,8,44,44
2021-03-01,N-102,BrandA,REP_N-102,16,10,54,76
2021-03-01,N-102,BrandB,REP_N-102,22,11,36,48
2021-03-01,N-102,BrandC,REP_N-102,25,10,34,57
2021-03-01,N-102,BrandD,REP_N-102,23,11,40,58
2021-03-01,N-103,BrandA,REP_N-103,24,0,48,61
2021-03-01,N-103,BrandB,REP_N-103,36,6,44,52
2021-03-01,N-103,BrandC,REP_N-103,30,9,31,55
2021-03-01,N-103,BrandD,REP_N-103,20,9,44,43
2021-03-01,S-201,BrandA,REP_S-201,16,9,34,51
2021-03-01,S-201,BrandB,REP_S-201,19,6,31,51
2021-03-01,S-201,BrandC,REP_S-201,17,5,36,65
2021-03-01,S-201,BrandD,REP_S-201,15,7,46,43
2021-03-01,S-202,BrandA,REP_S-202,25,6,43,57
2021-03-01,S-202,BrandB,REP_S-202,40,9,37,59
2021-03-01,S-202,BrandC,REP_S-202,15,7,37,64
2021-03-01,S-202,BrandD,REP_S-202,25,8,44,36
2021-03-01,S-203,BrandA,REP_S-203,17,6,36,55
2021-03-01,S-203,BrandB,REP_S-203,25,10,46,70
2021-03-01,S-203,BrandC,REP_S-203,21,9,47,64
2021-03-01,S-203,BrandD,REP_S-203,17,5,35,55
2021-03-01,W-401,BrandA,REP_W-401,21,7,33,57
2021-03-01,W-401,BrandB,REP_W-401,22,9,46,57
2021-03-01,W-401,BrandC,REP_W-401,22,4,35,52
2021-03-01,W-401,BrandD,REP_W-401,21,7,36,45
2021-03-01,W-402,BrandA,REP_W-402,23,7,34,53
2021-03-01,W-402,BrandB,REP_W-402,25,8,43,73
2021-03-01,W-402,BrandC,REP_W-402,19,5,34,54
2021-03-01,W-402,BrandD,REP_W-402,28,4,52,61
2021-03-01,W-403,BrandA,REP_W-403,22,9,36,51
2021-03-01,W-403,BrandB,REP_W-403,37,1,42,50
2021-03-01,W-403,BrandC,REP_W-403,24,10,41,54
2021-03-01,W-403,BrandD,REP_W-403,25,6,49,65
2021-04-01,E-301,BrandA,REP_E-301,24,8,43,53
2021-04-01,E-301,BrandB,REP_E-301,13,13,36,64
2021-04-01,E-301,BrandC,REP_E-301,24,7,48,55
2021-04-01,E-301,BrandD,REP_E-301,28,12,38,49
2021-04-01,E-302,BrandA,REP_E-302,28,7,33,64
2021-04-01,E-302,BrandB,REP_E-302,23,7,46,54
2021-04-01,E-302,BrandC,REP_E-302,23,6,44,48
2021-04-01,E-302,BrandD,REP_E-302,18,8,40,56
2021-04-01,E-303,BrandA,REP_E-303,17,6,32,56
2021-04-01,E-303,BrandB,REP_E-303,17,5,39,50
2021-04-01,E-303,BrandC,REP_E-303,22,12,44,50
2021-04-01,E-303,BrandD,REP_E-303,21,12,37,47
2021-04-01,N-101,BrandA,REP_N-101,18,7,39,55
2021-04-01,N-101,BrandB,REP_N-101,16,5,35,48
2021-04-01,N-101,BrandC,REP_N-101,22,6,35,53
2021-04-01,N-101,BrandD,REP_N-101,18,9,43,40
2021-04-01,N-102,BrandA,REP_N-102,25,6,44,53
2021-04-01,N-102,BrandB,REP_N-102,10,10,36,51
2021-04-01,N-102,BrandC,REP_N-102,18,8,41,49
2021-04-01,N-102,BrandD,REP_N-102,31,4,44,45
2021-04-01,N-103,BrandA,REP_N-103,13,8,43,67
2021-04-01,N-103,BrandB,REP_N-103,24,5,42,62
2021-04-01,N-103,BrandC,REP_N-103,25,6,32,57
2021-04-01,N-103,BrandD,REP_N-103,32,14,40,54
2021-04-01,S-201,BrandA,REP_S-201,22,8,34,59
2021-04-01,S-201,BrandB,REP_S-201,24,13,47,56
2021-04-01,S-201,BrandC,REP_S-201,19,6,41,57
2021-04-01,S-201,BrandD,REP_S-201,23,6,44,51
2021-04-01,S-202,BrandA,REP_S-202,24,7,34,54
2021-04-01,S-202,BrandB,REP_S-202,22,11,41,52
2021-04-01,S-202,BrandC,REP_S-202,12,3,43,65
2021-04-01,S-202,BrandD,REP_S-202,19,10,31,60
2021-04-01,S-203,BrandA,REP_S-203,16,8,41,51
2021-04-01,S-203,BrandB,REP_S-203,32,9,40,61
2021-04-01,S-203,BrandC,REP_S-203,22,10,34,53
2021-04-01,S-203,BrandD,REP_S-203,22,10,36,62
2021-04-01,W-401,BrandA,REP_W-401,22,17,45,50
2021-04-01,W-401,BrandB,REP_W-401,23,10,38,56
2021-04-01,W-401,BrandC,REP_W-401,16,13,35,50
2021-04-01,W-401,BrandD,REP_W-401,8,5,39,44
2021-04-01,W-402,BrandA,REP_W-402,25,1,50,69
2021-04-01,W-402,BrandB,REP_W-402,27,15,28,56
2021-04-01,W-402,BrandC,REP_W-402,28,10,39,52
2021-04-01,W-402,BrandD,REP_W-402,15,11,42,51
2021-04-01,W-403,BrandA,REP_W-403,19,8,36,46
2021-04-01,W-403,BrandB,REP_W-403,19,6,29,70
2021-04-01,W-403,BrandC,REP_W-403,25,13,40,55
2021-04-01,W-403,BrandD,REP_W-403,16,8,46,58
2021-05-01,E-301,BrandA,REP_E-301,24,11,36,59
2021-05-01,E-301,BrandB,REP_E-301,27,9,29,63
2021-05-01,E-301,BrandC,REP_E-301,28,11,29,59
2021-05-01,E-301,BrandD,REP_E-301,28,6,35,56
2021-05-01,E-302,BrandA,REP_E-302,25,1,39,50
2021-05-01,E-302,BrandB,REP_E-302,19,8,39,57
2021-05-01,E-302,BrandC,REP_E-302,22,13,36,60
2021-05-01,E-302,BrandD,REP_E-302,17,7,39,46
2021-05-01,E-303,BrandA,REP_E-303,28,8,50,52
2021-05-01,E-303,BrandB,REP_E-303,28,7,33,52
2021-05-01,E-303,BrandC,REP_E-303,11,11,39,57
2021-05-01,E-303,BrandD,REP_E-303,16,8,37,70
2021-05-01,N-101,BrandA,REP_N-101,14,9,42,47
2021-05-01,N-101,BrandB,REP_N-101,20,3,39,45
2021-05-01,N-101,BrandC,REP_N-101,25,9,38,58
2021-05-01,N-101,BrandD,REP_N-101,22,3,38,60
2021-05-01,N-102,BrandA,REP_N-102,12,7,37,55
2021-05-01,N-102,BrandB,REP_N-102,25,6,45,61
2021-05-01,N-102,BrandC,REP_N-102,22,12,38,52
2021-05-01,N-102,BrandD,REP_N-102,23,4,43,55
2021-05-01,N-103,BrandA,REP_N-103,16,8,40,71
2021-05-01,N-103,BrandB,REP_N-103,24,5,25,60
2021-05-01,N-103,BrandC,REP_N-103,21,7,40,51
2021-05-01,N-103,BrandD,REP_N-103,23,10,45,62
2021-05-01,S-201,BrandA,REP_S-201,18,3,39,56
2021-05-01,S-201,BrandB,REP_S-201,28,7,39,60
2021-05-01,S-201,BrandC,REP_S-201,17,8,36,64
2021-05-01,S-201,BrandD,REP_S-201,18,5,40,48
2021-05-01,S-202,BrandA,REP_S-202,17,12,38,54
2021-05-01,S-202,BrandB,REP_S-202,24,8,35,55
2021-05-01,S-202,BrandC,REP_S-202,30,12,47,59
2021-05-01,S-202,BrandD,REP_S-202,21,13,35,62
2021-05-01,S-203,BrandA,REP_S-203,25,10,29,51
2021-05-01,S-203,BrandB,REP_S-203,28,5,50,50
2021-05-01,S-203,BrandC,REP_S-203,18,6,41,69
2021-05-01,S-203,BrandD,REP_S-203,24,8,44,63
2021-05-01,W-401,BrandA,REP_W-401,16,3,33,51
2021-05-01,W-401,BrandB,REP_W-401,15,4,39,65
2021-05-01,W-401,BrandC,REP_W-401,24,8,36,54
2021-05-01,W-401,BrandD,REP_W-401,28,4,35,50
2021-05-01,W-402,BrandA,REP_W-402,21,8,42,55
2021-05-01,W-402,BrandB,REP_W-402,22,7,39,55
2021-05-01,W-402,BrandC,REP_W-402,32,8,47,51
2021-05-01,W-402,BrandD,REP_W-402,27,11,43,51
2021-05-01,W-403,BrandA,REP_W-403,18,4,45,67
2021-05-01,W-403,BrandB,REP_W-403,24,7,41,68
2021-05-01,W-403,BrandC,REP_W-403,18,3,46,66
2021-05-01,W-403,BrandD,REP_W-403,22,6,35,58
2021-06-01,E-301,BrandA,REP_E-301,26,9,41,55
2021-06-01,E-301,BrandB,REP_E-301,24,8,42,49
2021-06-01,E-301,BrandC,REP_E-301,25,5,44,43
2021-06-01,E-301,BrandD,REP_E-301,15,4,44,63
2021-06-01,E-302,BrandA,REP_E-302,28,6,31,56
2021-06-01,E-302,BrandB,REP_E-302,30,9,46,49
2021-06-01,E-302,BrandC,REP_E-302,29,9,40,55
2021-06-01,E-302,BrandD,REP_E-302,17,12,32,50
2021-06-01,E-303,BrandA,REP_E-303,29,8,33,62
2021-06-01,E-303,BrandB,REP_E-303,15,10,41,62
2021-06-01,E-303,BrandC,REP_E-303,18,11,36,76
2021-06-01,E-303,BrandD,REP_E-303,18,6,43,63
2021-06-01,N-101,BrandA,REP_N-101,22,10,39,52
2021-06-01,N-101,BrandB,REP_N-101,27,5,43,52
2021-06-01,N-101,BrandC,REP_N-101,27,10,44,54
2021-06-01,N-101,BrandD,REP_N-101,25,5,38,55
2021-06-01,N-102,BrandA,REP_N-102,25,6,48,56
2021-06-01,N-102,BrandB,REP_N-102,21,8,46,44
2021-06-01,N-102,BrandC,REP_N-102,27,14,34,56
2021-06-01,N-102,BrandD,REP_N-102,23,8,61,50
2021-06-01,N-103,BrandA,REP_N-103,23,10,39,51
2021-06-01,N-103,BrandB,REP_N-103,27,6,50,50
2021-06-01,N-103,BrandC,REP_N-103,21,17,40,46
2021-06-01,N-103,BrandD,REP_N-103,21,9,40,49
2021-06-01,S-201,BrandA,REP_S-201,26,4,37,46
2021-06-01,S-201,BrandB,REP_S-201,17,3,36,53
2021-06-01,S-201,BrandC,REP_S-201,22,8,45,56
2021-06-01,S-201,BrandD,REP_S-201,28,6,39,43
2021-06-01,S-202,BrandA,REP_S-202,22,12,45,44
2021-06-01,S-202,BrandB,REP_S-202,14,11,32,54
2021-06-01,S-202,BrandC,REP_S-202,22,8,44,57
2021-06-01,S-202,BrandD,REP_S-202,22,11,37,55
2021-06-01,S-203,BrandA,REP_S-203,28,10,41,48
2021-06-01,S-203,BrandB,REP_S-203,21,13,47,52
2021-06-01,S-203,BrandC,REP_S-203,21,7,44,67
2021-06-01,S-203,BrandD,REP_S-203,17,5,39,49
2021-06-01,W-401,BrandA,REP_W-401,21,5,55,65
2021-06-01,W-401,BrandB,REP_W-401,35,7,42,59
2021-06-01,W-401,BrandC,REP_W-401,23,6,35,49
2021-06-01,W-401,BrandD,REP_W-401,29,10,45,48
2021-06-01,W-402,BrandA,REP_W-402,17,7,39,56
2021-06-01,W-402,BrandB,REP_W-402,16,7,46,57
2021-06-01,W-402,BrandC,REP_W-402,22,5,36,62
2021-06-01,W-402,BrandD,REP_W-402,34,5,44,62
2021-06-01,W-403,BrandA,REP_W-403,27,6,47,43
2021-06-01,W-403,BrandB,REP_W-403,20,11,32,55
2021-06-01,W-403,BrandC,REP_W-403,30,9,39,54
2021-06-01,W-403,BrandD,REP_W-403,19,10,44,63
2021-07-01,E-301,BrandA,REP_E-301,32,4,45,52
2021-07-01,E-301,BrandB,REP_E-301,24,8,38,55
2021-07-01,E-301,BrandC,REP_E-301,12,7,28,45
2021-07-01,E-301,BrandD,REP_E-301,22,8,43,42
2021-07-01,E-302,BrandA,REP_E-302,22,6,47,57
2021-07-01,E-302,BrandB,REP_E-302,28,6,43,51
2021-07-01,E-302,BrandC,REP_E-302,25,9,44,64
2021-07-01,E-302,BrandD,REP_E-302,22,7,54,59
2021-07-01,E-303,BrandA,REP_E-303,21,9,43,57
2021-07-01,E-303,BrandB,REP_E-303,22,9,54,65
2021-07-01,E-303,BrandC,REP_E-303,20,13,41,54
2021-07-01,E-303,BrandD,REP_E-303,25,11,38,47
2021-07-01,N-101,BrandA,REP_N-101,16,11,30,51
2021-07-01,N-101,BrandB,REP_N-101,22,6,32,52
2021-07-01,N-101,BrandC,REP_N-101,25,9,44,50
2021-07-01,N-101,BrandD,REP_N-101,26,8,39,56
2021-07-01,N-102,BrandA,REP_N-102,21,6,39,61
2021-07-01,N-102,BrandB,REP_N-102,19,10,43,52
2021-07-01,N-102,BrandC,REP_N-102,28,10,47,51
2021-07-01,N-102,BrandD,REP_N-102,13,11,46,43
2021-07-01,N-103,BrandA,REP_N-103,19,7,40,49
2021-07-01,N-103,BrandB,REP_N-103,23,6,44,49
2021-07-01,N-103,BrandC,REP_N-103,24,9,39,57
2021-07-01,N-103,BrandD,REP_N-103,24,9,45,52
2021-07-01,S-201,BrandA,REP_S-201,28,9,36,54
2021-07-01,S-201,BrandB,REP_S-201,29,6,32,50
2021-07-01,S-201,BrandC,REP_S-201,18,6,44,51
2021-07-01,S-201,BrandD,REP_S-201,25,4,39,56
2021-07-01,S-202,BrandA,REP_S-202,33,9,37,57
2021-07-01,S-202,BrandB,REP_S-202,18,6,44,56
2021-07-01,S-202,BrandC,REP_S-202,17,9,48,57
2021-07-01,S-202,BrandD,REP_S-202,16,14,46,68
2021-07-01,S-203,BrandA,REP_S-203,26,8,38,47
2021-07-01,S-203,BrandB,REP_S-203,24,10,34,55
2021-07-01,S-203,BrandC,REP_S-203,15,5,45,60
2021-07-01,S-203,BrandD,REP_S-203,32,4,39,54
2021-07-01,W-401,BrandA,REP_W-401,22,11,48,58
2021-07-01,W-401,BrandB,REP_W-401,15,8,32,48
2021-07-01,W-401,BrandC,REP_W-401,12,12,38,53
2021-07-01,W-401,BrandD,REP_W-401,22,7,49,51
2021-07-01,W-402,BrandA,REP_W-402,16,8,44,59
2021-07-01,W-402,BrandB,REP_W-402,18,9,38,67
2021-07-01,W-402,BrandC,REP_W-402,23,11,46,57
2021-07-01,W-402,BrandD,REP_W-402,21,4,40,61
2021-07-01,W-403,BrandA,REP_W-403,21,8,49,58
2021-07-01,W-403,BrandB,REP_W-403,21,10,43,62
2021-07-01,W-403,BrandC,REP_W-403,26,5,59,62
2021-07-01,W-403,BrandD,REP_W-403,16,3,40,53
2021-08-01,E-301,BrandA,REP_E-301,30,12,37,52
2021-08-01,E-301,BrandB,REP_E-301,13,15,37,49
2021-08-01,E-301,BrandC,REP_E-301,10,7,54,40
2021-08-01,E-301,BrandD,REP_E-301,19,10,40,52
2021-08-01,E-302,BrandA,REP_E-302,23,5,44,51
2021-08-01,E-302,BrandB,REP_E-302,28,6,44,51
2021-08-01,E-302,BrandC,REP_E-302,21,10,24,44
2021-08-01,E-302,BrandD,REP_E-302,18,11,26,27
2021-08-01,E-303,BrandA,REP_E-303,15,9,44,57
2021-08-01,E-303,BrandB,REP_E-303,24,5,40,53
2021-08-01,E-303,BrandC,REP_E-303,20,5,31,70
2021-08-01,E-303,BrandD,REP_E-303,17,11,52,37
2021-08-01,N-101,BrandA,REP_N-101,30,5,42,63
2021-08-01,N-101,BrandB,REP_N-101,37,10,46,42
2021-08-01,N-101,BrandC,REP_N-101,24,12,31,50
2021-08-01,N-101,BrandD,REP_N-101,20,5,49,45
2021-08-01,N-102,BrandA,REP_N-102,21,7,47,49
2021-08-01,N-102,BrandB,REP_N-102,28,5,33,47
2021-08-01,N-102,BrandC,REP_N-102,21,7,35,45
2021-08-01,N-102,BrandD,REP_N-102,33,9,45,51
2021-08-01,N-103,BrandA,REP_N-103,24,6,41,53
2021-08-01,N-103,BrandB,REP_N-103,19,7,48,70
2021-08-01,N-103,BrandC,REP_N-103,24,14,47,41
2021-08-01,N-103,BrandD,REP_N-103,23,8,45,65
2021-08-01,S-201,BrandA,REP_S-201,18,8,33,51
2021-08-01,S-201,BrandB,REP_S-201,26,14,39,53
2021-08-01,S-201,BrandC,REP_S-201,17,5,29,58
2021-08-01,S-201,BrandD,REP_S-201,24,6,48,58
2021-08-01,S-202,BrandA,REP_S-202,26,7,29,62
2021-08-01,S-202,BrandB,REP_S-202,26,11,31,52
2021-08-01,S-202,BrandC,REP_S-202,23,8,32,53
2021-08-01,S-202,BrandD,REP_S-202,16,3,38,52
2021-08-01,S-203,BrandA,REP_S-203,23,10,43,57
2021-08-01,S-203,BrandB,REP_S-203,15,10,53,51
2021-08-01,S-203,BrandC,REP_S-203,27,7,50,52
2021-08-01,S-203,BrandD,REP_S-203,24,8,29,55
2021-08-01,W-401,BrandA,REP_W-401,22,6,30,43
2021-08-01,W-401,BrandB,REP_W-401,9,15,46,36
2021-08-01,W-401,BrandC,REP_W-401,23,12,38,61
2021-08-01,W-401,BrandD,REP_W-401,19,5,49,57
2021-08-01,W-402,BrandA,REP_W-402,20,11,36,48
2021-08-01,W-402,BrandB,REP_W-402,17,10,37,47
2021-08-01,W-402,BrandC,REP_W-402,26,8,34,64
2021-08-01,W-402,BrandD,REP_W-402,19,8,42,63
2021-08-01,W-403,BrandA,REP_W-403,19,6,44,66
2021-08-01,W-403,BrandB,REP_W-403,23,13,33,49
2021-08-01,W-403,BrandC,REP_W-403,22,4,43,46
2021-08-01,W-403,BrandD,REP_W-403,15,11,49,55
2021-09-01,E-301,BrandA,REP_E-301,17,5,44,65
2021-09-01,E-301,BrandB,REP_E-301,19,9,34,56
2021-09-01,E-301,BrandC,REP_E-301,25,7,34,60
2021-09-01,E-301,BrandD,REP_E-301,20,6,41,63
2021-09-01,E-302,BrandA,REP_E-302,24,13,42,64
2021-09-01,E-302,BrandB,REP_E-302,21,2,42,47
2021-09-01,E-302,BrandC,REP_E-302,12,6,39,48
2021-09-01,E-302,BrandD,REP_E-302,15,13,35,66
2021-09-01,E-303,BrandA,REP_E-303,26,6,42,52
2021-09-01,E-303,BrandB,REP_E-303,18,9,44,56
2021-09-01,E-303,BrandC,REP_E-303,19,9,35,67
2021-09-01,E-303,BrandD,REP_E-303,14,8,50,60
2021-09-01,N-101,BrandA,REP_N-101,22,11,34,67
2021-09-01,N-101,BrandB,REP_N-101,17,4,41,50
2021-09-01,N-101,BrandC,REP_N-101,24,6,30,39
2021-09-01,N-101,BrandD,REP_N-101,26,11,39,60
2021-09-01,N-102,BrandA,REP_N-102,27,9,49,62
2021-09-01,N-102,BrandB,REP_N-102,19,5,45,40
2021-09-01,N-102,BrandC,REP_N-102,29,9,39,57
2021-09-01,N-102,BrandD,REP_N-102,26,7,38,46
2021-09-01,N-103,BrandA,REP_N-103,27,11,37,57
2021-09-01,N-103,BrandB,REP_N-103,20,9,46,52
2021-09-01,N-103,BrandC,REP_N-103,17,10,35,55
2021-09-01,N-103,BrandD,REP_N-103,19,2,30,74
2021-09-01,S-201,BrandA,REP_S-201,22,6,38,52
2021-09-01,S-201,BrandB,REP_S-201,20,9,39,70
2021-09-01,S-201,BrandC,REP_S-201,14,9,37,55
2021-09-01,S-201,BrandD,REP_S-201,22,9,42,56
2021-09-01,S-202,BrandA,REP_S-202,23,7,38,55
2021-09-01,S-202,BrandB,REP_S-202,29,13,48,52
2021-09-01,S-202,BrandC,REP_S-202,12,12,37,60
2021-09-01,S-202,BrandD,REP_S-202,12,5,36,43
2021-09-01,S-203,BrandA,REP_S-203,28,7,34,49
2021-09-01,S-203,BrandB,REP_S-203,25,8,33,47
2021-09-01,S-203,BrandC,REP_S-203,20,3,50,42
2021-09-01,S-203,BrandD,REP_S-203,20,5,54,46
2021-09-01,W-401,BrandA,REP_W-401,23,13,24,47
2021-09-01,W-401,BrandB,REP_W-401,19,5,42,53
2021-09-01,W-401,BrandC,REP_W-401,21,9,36,63
2021-09-01,W-401,BrandD,REP_W-401,26,11,54,63
2021-09-01,W-402,BrandA,REP_W-402,19,3,44,48
2021-09-01,W-402,BrandB,REP_W-402,17,6,36,61
2021-09-01,W-402,BrandC,REP_W-402,24,8,37,74
2021-09-01,W-402,BrandD,REP_W-402,24,3,33,60
2021-09-01,W-403,BrandA,REP_W-403,24,7,55,52
2021-09-01,W-403,BrandB,REP_W-403,15,6,37,40
2021-09-01,W-403,BrandC,REP_W-403,16,6,38,56
2021-09-01,W-403,BrandD,REP_W-403,22,8,25,47
2021-10-01,E-301,BrandA,REP_E-301,28,12,41,55
2021-10-01,E-301,BrandB,REP_E-301,24,6,39,59
2021-10-01,E-301,BrandC,REP_E-301,20,9,39,69
2021-10-01,E-301,BrandD,REP_E-301,34,6,41,60
2021-10-01,E-302,BrandA,REP_E-302,20,4,33,51
2021-10-01,E-302,BrandB,REP_E-302,25,7,42,51
2021-10-01,E-302,BrandC,REP_E-302,25,10,41,56
2021-10-01,E-302,BrandD,REP_E-302,19,10,51,55
2021-10-01,E-303,BrandA,REP_E-303,21,9,39,38
2021-10-01,E-303,BrandB,REP_E-303,19,10,47,51
2021-10-01,E-303,BrandC,REP_E-303,23,8,44,50
2021-10-01,E-303,BrandD,REP_E-303,20,9,42,56
2021-10-01,N-101,BrandA,REP_N-101,26,8,28,49
2021-10-01,N-101,BrandB,REP_N-101,12,3,37,50
2021-10-01,N-101,BrandC,REP_N-101,24,4,39,48
2021-10-01,N-101,BrandD,REP_N-101,26,9,39,61
2021-10-01,N-102,BrandA,REP_N-102,29,9,33,61
2021-10-01,N-102,BrandB,REP_N-102,23,7,44,64
2021-10-01,N-102,BrandC,REP_N-102,25,8,37,48
2021-10-01,N-102,BrandD,REP_N-102,17,10,41,68
2021-10-01,N-103,BrandA,REP_N-103,19,8,51,53
2021-10-01,N-103,BrandB,REP_N-103,21,8,43,56
2021-10-01,N-103,BrandC,REP_N-103,15,8,28,57
2021-10-01,N-103,BrandD,REP_N-103,21,7,41,51
2021-10-01,S-201,BrandA,REP_S-201,16,5,35,54
2021-10-01,S-201,BrandB,REP_S-201,23,6,32,59
2021-10-01,S-201,BrandC,REP_S-201,21,7,36,57
2021-10-01,S-201,BrandD,REP_S-201,21,5,43,64
2021-10-01,S-202,BrandA,REP_S-202,21,13,41,53
2021-10-01,S-202,BrandB,REP_S-202,18,8,30,52
2021-10-01,S-202,BrandC,REP_S-202,21,11,45,58
2021-10-01,S-202,BrandD,REP_S-202,32,8,46,46
2021-10-01,S-203,BrandA,REP_S-203,15,7,46,48
2021-10-01,S-203,BrandB,REP_S-203,26,7,43,59
2021-10-01,S-203,BrandC,REP_S-203,18,7,39,55
2021-10-01,S-203,BrandD,REP_S-203,22,14,37,49
2021-10-01,W-401,BrandA,REP_W-401,25,13,46,53
2021-10-01,W-401,BrandB,REP_W-401,19,4,35,55
2021-10-01,W-401,BrandC,REP_W-401,15,7,39,45
2021-10-01,W-401,BrandD,REP_W-401,27,6,44,56
2021-10-01,W-402,BrandA,REP_W-402,16,7,36,51
2021-10-01,W-402,BrandB,REP_W-402,25,9,40,55
2021-10-01,W-402,BrandC,REP_W-402,24,5,45,56
2021-10-01,W-402,BrandD,REP_W-402,23,9,48,64
2021-10-01,W-403,BrandA,REP_W-403,23,8,32,47
2021-10-01,W-403,BrandB,REP_W-403,23,9,36,48
2021-10-01,W-403,BrandC,REP_W-403,30,13,41,69
2021-10-01,W-403,BrandD,REP_W-403,22,7,34,64
2021-11-01,E-301,BrandA,REP_E-301,20,3,42,52
2021-11-01,E-301,BrandB,REP_E-301,21,6,38,49
2021-11-01,E-301,BrandC,REP_E-301,18,6,34,52
2021-11-01,E-301,BrandD,REP_E-301,15,9,32,42
2021-11-01,E-302,BrandA,REP_E-302,20,6,34,55
2021-11-01,E-302,BrandB,REP_E-302,22,10,42,45
2021-11-01,E-302,BrandC,REP_E-302,23,7,38,60
2021-11-01,E-302,BrandD,REP_E-302,29,8,47,47
2021-11-01,E-303,BrandA,REP_E-303,19,5,43,59
2021-11-01,E-303,BrandB,REP_E-303,25,6,36,40
2021-11-01,E-303,BrandC,REP_E-303,23,8,43,53
2021-11-01,E-303,BrandD,REP_E-303,28,3,44,55
2021-11-01,N-101,BrandA,REP_N-101,19,8,42,49
2021-11-01,N-101,BrandB,REP_N-101,19,8,40,44
2021-11-01,N-101,BrandC,REP_N-101,16,12,56,65
2021-11-01,N-101,BrandD,REP_N-101,15,10,30,48
2021-11-01,N-102,BrandA,REP_N-102,31,8,45,64
2021-11-01,N-102,BrandB,REP_N-102,30,8,54,66
2021-11-01,N-102,BrandC,REP_N-102,22,5,46,66
2021-11-01,N-102,BrandD,REP_N-102,25,7,34,62
2021-11-01,N-103,BrandA,REP_N-103,27,6,43,47
2021-11-01,N-103,BrandB,REP_N-103,18,8,32,58
2021-11-01,N-103,BrandC,REP_N-103,21,4,35,74
2021-11-01,N-103,BrandD,REP_N-103,21,5,39,52
2021-11-01,S-201,BrandA,REP_S-201,21,11,44,55
2021-11-01,S-201,BrandB,REP_S-201,24,8,37,43
2021-11-01,S-201,BrandC,REP_S-201,22,4,39,62
2021-11-01,S-201,BrandD,REP_S-201,8,14,43,52
2021-11-01,S-202,BrandA,REP_S-202,25,7,44,58
2021-11-01,S-202,BrandB,REP_S-202,19,10,38,44
2021-11-01,S-202,BrandC,REP_S-202,26,9,48,55
2021-11-01,S-202,BrandD,REP_S-202,37,3,38,53
2021-11-01,S-203,BrandA,REP_S-203,27,8,37,38
2021-11-01,S-203,BrandB,REP_S-203,29,8,39,53
2021-11-01,S-203,BrandC,REP_S-203,17,8,45,57
2021-11-01,S-203,BrandD,REP_S-203,28,8,43,45
2021-11-01,W-401,BrandA,REP_W-401,28,6,39,54
2021-11-01,W-401,BrandB,REP_W-401,26,9,40,54
2021-11-01,W-401,BrandC,REP_W-401,26,14,35,50
2021-11-01,W-401,BrandD,REP_W-401,24,13,49,55
2021-11-01,W-402,BrandA,REP_W-402,19,7,38,58
2021-11-01,W-402,BrandB,REP_W-402,26,13,43,62
2021-11-01,W-402,BrandC,REP_W-402,22,9,23,61
2021-11-01,W-402,BrandD,REP_W-402,28,4,37,72
2021-11-01,W-403,BrandA,REP_W-403,27,6,41,55
2021-11-01,W-403,BrandB,REP_W-403,22,4,41,47
2021-11-01,W-403,BrandC,REP_W-403,24,11,41,65
2021-11-01,W-403,BrandD,REP_W-403,29,8,34,56
2021-12-01,E-301,BrandA,REP_E-301,26,5,38,52
2021-12-01,E-301,BrandB,REP_E-301,28,10,39,60
2021-12-01,E-301,BrandC,REP_E-301,21,11,28,50
2021-12-01,E-301,BrandD,REP_E-301,18,6,40,50
2021-12-01,E-302,BrandA,REP_E-302,16,12,34,49
2021-12-01,E-302,BrandB,REP_E-302,23,12,44,53
2021-12-01,E-302,BrandC,REP_E-302,21,8,47,57
2021-12-01,E-302,BrandD,REP_E-302,21,8,28,46
2021-12-01,E-303,BrandA,REP_E-303,21,7,28,56
2021-12-01,E-303,BrandB,REP_E-303,23,12,32,45
2021-12-01,E-303,BrandC,REP_E-303,23,8,37,54
2021-12-01,E-303,BrandD,REP_E-303,19,12,38,53
2021-12-01,N-101,BrandA,REP_N-101,21,6,34,60
2021-12-01,N-101,BrandB,REP_N-101,20,12,43,55
2021-12-01,N-101,BrandC,REP_N-101,23,6,39,64
2021-12-01,N-101,BrandD,REP_N-101,25,7,43,52
2021-12-01,N-102,BrandA,REP_N-102,32,8,33,60
2021-12-01,N-102,BrandB,REP_N-102,16,9,35,43
2021-12-01,N-102,BrandC,REP_N-102,15,6,40,51
2021-12-01,N-102,BrandD,REP_N-102,20,6,42,48
2021-12-01,N-103,BrandA,REP_N-103,21,7,33,64
2021-12-01,N-103,BrandB,REP_N-103,13,6,47,66
2021-12-01,N-103,BrandC,REP_N-103,23,6,48,67
2021-12-01,N-103,BrandD,REP_N-103,26,8,31,48
2021-12-01,S-201,BrandA,REP_S-201,25,8,25,57
2021-12-01,S-201,BrandB,REP_S-201,17,8,33,55
2021-12-01,S-201,BrandC,REP_S-201,24,6,35,48
2021-12-01,S-201,BrandD,REP_S-201,24,7,50,64
2021-12-01,S-202,BrandA,REP_S-202,22,8,25,52
2021-12-01,S-202,BrandB,REP_S-202,29,8,39,46
2021-12-01,S-202,BrandC,REP_S-202,27,7,46,62
2021-12-01,S-202,BrandD,REP_S-202,24,7,37,52
2021-12-01,S-203,BrandA,REP_S-203,21,19,42,49
2021-12-01,S-203,BrandB,REP_S-203,24,7,33,61
2021-12-01,S-203,BrandC,REP_S-203,26,7,42,55
2021-12-01,S-203,BrandD,REP_S-203,22,3,44,53
2021-12-01,W-401,BrandA,REP_W-401,18,8,36,38
2021-12-01,W-401,BrandB,REP_W-401,21,8,47,66
2021-12-01,W-401,BrandC,REP_W-401,32,9,37,56
2021-12-01,W-401,BrandD,REP_W-401,24,9,49,59
2021-12-01,W-402,BrandA,REP_W-402,16,9,48,57
2021-12-01,W-402,BrandB,REP_W-402,21,5,40,54
2021-12-01,W-402,BrandC,REP_W-402,21,9,43,47
2021-12-01,W-402,BrandD,REP_W-402,20,10,29,56
2021-12-01,W-403,BrandA,REP_W-403,17,10,41,53
2021-12-01,W-403,BrandB,REP_W-403,21,11,36,66
2021-12-01,W-403,BrandC,REP_W-403,21,4,47,45
2021-12-01,W-403,BrandD,REP_W-403,25,7,43,57
2022-01-01,E-301,BrandA,REP_E-301,19,8,30,52
2022-01-01,E-301,BrandB,REP_E-301,22,6,39,56
2022-01-01,E-301,BrandC,REP_E-301,17,10,34,44
2022-01-01,E-301,BrandD,REP_E-301,24,7,37,57
2022-01-01,E-302,BrandA,REP_E-302,18,14,47,60
2022-01-01,E-302,BrandB,REP_E-302,19,8,41,63
2022-01-01,E-302,BrandC,REP_E-302,21,8,35,49
2022-01-01,E-302,BrandD,REP_E-302,18,8,41,58
2022-01-01,E-303,BrandA,REP_E-303,24,9,45,69
2022-01-01,E-303,BrandB,REP_E-303,17,9,38,48
2022-01-01,E-303,BrandC,REP_E-303,21,6,49,61
2022-01-01,E-303,BrandD,REP_E-303,25,4,40,53
2022-01-01,N-101,BrandA,REP_N-101,30,11,43,43
2022-01-01,N-101,BrandB,REP_N-101,21,7,31,56
2022-01-01,N-101,BrandC,REP_N-101,16,9,51,44
2022-01-01,N-101,BrandD,REP_N-101,18,10,34,65
2022-01-01,N-102,BrandA,REP_N-102,15,8,31,57
2022-01-01,N-102,BrandB,REP_N-102,20,7,29,50
2022-01-01,N-102,BrandC,REP_N-102,18,13,44,46
2022-01-01,N-102,BrandD,REP_N-102,17,6,40,49
2022-01-01,N-103,BrandA,REP_N-103,14,9,34,55
2022-01-01,N-103,BrandB,REP_N-103,17,8,36,59
2022-01-01,N-103,BrandC,REP_N-103,10,5,52,48
2022-01-01,N-103,BrandD,REP_N-103,31,11,37,36
2022-01-01,S-201,BrandA,REP_S-201,29,4,49,50
2022-01-01,S-201,BrandB,REP_S-201,16,9,46,55
2022-01-01,S-201,BrandC,REP_S-201,26,8,52,59
2022-01-01,S-201,BrandD,REP_S-201,21,11,42,70
2022-01-01,S-202,BrandA,REP_S-202,23,3,39,54
2022-01-01,S-202,BrandB,REP_S-202,22,10,44,54
2022-01-01,S-202,BrandC,REP_S-202,22,12,31,52
2022-01-01,S-202,BrandD,REP_S-202,30,11,37,45
2022-01-01,S-203,BrandA,REP_S-203,13,7,35,61
2022-01-01,S-203,BrandB,REP_S-203,23,16,48,51
2022-01-01,S-203,BrandC,REP_S-203,27,10,47,49
2022-01-01,S-203,BrandD,REP_S-203,22,10,31,75
2022-01-01,W-401,BrandA,REP_W-401,15,10,35,56
2022-01-01,W-401,BrandB,REP_W-401,23,12,39,67
2022-01-01,W-401,BrandC,REP_W-401,19,12,42,61
2022-01-01,W-401,BrandD,REP_W-401,31,8,37,55
2022-01-01,W-402,BrandA,REP_W-402,32,5,36,56
2022-01-01,W-402,BrandB,REP_W-402,31,10,37,43
2022-01-01,W-402,BrandC,REP_W-402,25,9,43,52
2022-01-01,W-402,BrandD,REP_W-402,30,8,39,58
2022-01-01,W-403,BrandA,REP_W-403,17,10,42,50
2022-01-01,W-403,BrandB,REP_W-403,20,6,44,57
2022-01-01,W-403,BrandC,REP_W-403,18,7,59,52
2022-01-01,W-403,BrandD,REP_W-403,20,7,31,61
2022-02-01,E-301,BrandA,REP_E-301,34,8,43,53
2022-02-01,E-301,BrandB,REP_E-301,23,5,40,42
2022-02-01,E-301,BrandC,REP_E-301,22,5,35,57
2022-02-01,E-301,BrandD,REP_E-301,21,10,34,66
2022-02-01,E-302,BrandA,REP_E-302,24,12,35,54
2022-02-01,E-302,BrandB,REP_E-302,19,10,44,53
2022-02-01,E-302,BrandC,REP_E-302,16,7,47,59
2022-02-01,E-302,BrandD,REP_E-302,13,8,29,53
2022-02-01,E-303,BrandA,REP_E-303,20,8,33,51
2022-02-01,E-303,BrandB,REP_E-303,21,8,42,48
2022-02-01,E-303,BrandC,REP_E-303,28,11,41,54
2022-02-01,E-303,BrandD,REP_E-303,26,8,39,56
2022-02-01,N-101,BrandA,REP_N-101,12,6,43,63
2022-02-01,N-101,BrandB,REP_N-101,26,10,48,55
2022-02-01,N-101,BrandC,REP_N-101,23,6,38,58
2022-02-01,N-101,BrandD,REP_N-101,24,12,40,55
2022-02-01,N-102,BrandA,REP_N-102,20,10,41,46
2022-02-01,N-102,BrandB,REP_N-102,22,9,54,46
2022-02-01,N-102,BrandC,REP_N-102,8,6,43,46
2022-02-01,N-102,BrandD,REP_N-102,29,9,38,58
2022-02-01,N-103,BrandA,REP_N-103,29,9,43,55
2022-02-01,N-103,BrandB,REP_N-103,14,4,42,60
2022-02-01,N-103,BrandC,REP_N-103,22,10,46,56
2022-02-01,N-103,BrandD,REP_N-103,12,14,46,62
2022-02-01,S-201,BrandA,REP_S-201,17,9,46,56
2022-02-01,S-201,BrandB,REP_S-201,26,12,40,57
2022-02-01,S-201,BrandC,REP_S-201,33,5,33,66
2022-02-01,S-201,BrandD,REP_S-201,35,8,37,55
2022-02-01,S-202,BrandA,REP_S-202,17,5,31,57
2022-02-01,S-202,BrandB,REP_S-202,23,11,46,51
2022-02-01,S-202,BrandC,REP_S-202,29,10,39,58
2022-02-01,S-202,BrandD,REP_S-202,19,7,39,49
2022-02-01,S-203,BrandA,REP_S-203,23,7,47,59
2022-02-01,S-203,BrandB,REP_S-203,20,8,49,72
2022-02-01,S-203,BrandC,REP_S-203,32,7,45,53
2022-02-01,S-203,BrandD,REP_S-203,17,5,33,49
2022-02-01,W-401,BrandA,REP_W-401,28,5,29,73
2022-02-01,W-401,BrandB,REP_W-401,17,16,43,66
2022-02-01,W-401,BrandC,REP_W-401,24,5,36,76
2022-02-01,W-401,BrandD,REP_W-401,22,7,43,54
2022-02-01,W-402,BrandA,REP_W-402,28,10,44,50
2022-02-01,W-402,BrandB,REP_W-402,21,12,42,55
2022-02-01,W-402,BrandC,REP_W-402,25,7,29,69
2022-02-01,W-402,BrandD,REP_W-402,14,12,41,46
2022-02-01,W-403,BrandA,REP_W-403,21,9,57,61
2022-02-01,W-403,BrandB,REP_W-403,20,15,29,56
2022-02-01,W-403,BrandC,REP_W-403,18,9,42,56
2022-02-01,W-403,BrandD,REP_W-403,23,11,47,59
2022-03-01,E-301,BrandA,REP_E-301,23,10,33,60
2022-03-01,E-301,BrandB,REP_E-301,19,9,34,60
2022-03-01,E-301,BrandC,REP_E-301,21,7,38,55
2022-03-01,E-301,BrandD,REP_E-301,21,7,48,52
2022-03-01,E-302,BrandA,REP_E-302,22,11,43,53
2022-03-01,E-302,BrandB,REP_E-302,33,5,58,57
2022-03-01,E-302,BrandC,REP_E-302,20,10,36,51
2022-03-01,E-302,BrandD,REP_E-302,22,7,38,53
2022-03-01,E-303,BrandA,REP_E-303,19,14,41,43
2022-03-01,E-303,BrandB,REP_E-303,12,2,41,61
2022-03-01,E-303,BrandC,REP_E-303,22,5,42,55
2022-03-01,E-303,BrandD,REP_E-303,23,8,35,59
2022-03-01,N-101,BrandA,REP_N-101,18,9,38,49
2022-03-01,N-101,BrandB,REP_N-101,24,10,35,52
2022-03-01,N-101,BrandC,REP_N-101,35,14,43,61
2022-03-01,N-101,BrandD,REP_N-101,24,6,40,56
2022-03-01,N-102,BrandA,REP_N-102,30,5,42,42
2022-03-01,N-102,BrandB,REP_N-102,21,8,40,46
2022-03-01,N-102,BrandC,REP_N-102,15,6,42,54
2022-03-01,N-102,BrandD,REP_N-102,21,7,37,59
2022-03-01,N-103,BrandA,REP_N-103,23,9,51,50
2022-03-01,N-103,BrandB,REP_N-103,22,9,33,46
2022-03-01,N-103,BrandC,REP_N-103,14,16,38,66
2022-03-01,N-103,BrandD,REP_N-103,20,12,51,52
2022-03-01,S-201,BrandA,REP_S-201,24,12,46,40
2022-03-01,S-201,BrandB,REP_S-201,25,7,43,62
2022-03-01,S-201,BrandC,REP_S-201,25,7,38,54
2022-03-01,S-201,BrandD,REP_S-201,21,9,39,56
2022-03-01,S-202,BrandA,REP_S-202,28,6,40,50
2022-03-01,S-202,BrandB,REP_S-202,20,10,44,68
2022-03-01,S-202,BrandC,REP_S-202,30,9,44,44
2022-03-01,S-202,BrandD,REP_S-202,23,7,59,64
2022-03-01,S-203,BrandA,REP_S-203,26,7,48,44
2022-03-01,S-203,BrandB,REP_S-203,26,5,41,52
2022-03-01,S-203,BrandC,REP_S-203,19,9,42,57
2022-03-01,S-203,BrandD,REP_S-203,22,6,43,52
2022-03-01,W-401,BrandA,REP_W-401,16,8,33,63
2022-03-01,W-401,BrandB,REP_W-401,23,7,44,61
2022-03-01,W-401,BrandC,REP_W-401,23,3,42,50
2022-03-01,W-401,BrandD,REP_W-401,21,9,39,60
2022-03-01,W-402,BrandA,REP_W-402,19,4,39,64
2022-03-01,W-402,BrandB,REP_W-402,27,6,43,47
2022-03-01,W-402,BrandC,REP_W-402,22,6,58,54
2022-03-01,W-402,BrandD,REP_W-402,20,11,36,62
2022-03-01,W-403,BrandA,REP_W-403,14,8,35,53
2022-03-01,W-403,BrandB,REP_W-403,27,11,43,65
2022-03-01,W-403,BrandC,REP_W-403,20,7,39,68
2022-03-01,W-403,BrandD,REP_W-403,18,9,26,64
2022-04-01,E-301,BrandA,REP_E-301,22,12,38,53
2022-04-01,E-301,BrandB,REP_E-301,26,8,37,53
2022-04-01,E-301,BrandC,REP_E-301,16,6,39,54
2022-04-01,E-301,BrandD,REP_E-301,25,8,41,58
2022-04-01,E-302,BrandA,REP_E-302,25,13,45,65
2022-04-01,E-302,BrandB,REP_E-302,29,12,44,54
2022-04-01,E-302,BrandC,REP_E-302,25,8,52,62
2022-04-01,E-302,BrandD,REP_E-302,25,11,43,66
2022-04-01,E-303,BrandA,REP_E-303,31,7,39,67
2022-04-01,E-303,BrandB,REP_E-303,21,6,41,50
2022-04-01,E-303,BrandC,REP_E-303,14,4,36,46
2022-04-01,E-303,BrandD,REP_E-303,14,12,39,55
2022-04-01,N-101,BrandA,REP_N-101,21,10,38,51
2022-04-01,N-101,BrandB,REP_N-101,24,6,36,59
2022-04-01,N-101,BrandC,REP_N-101,25,7,36,58
2022-04-01,N-101,BrandD,REP_N-101,28,3,28,47
2022-04-01,N-102,BrandA,REP_N-102,20,12,36,60
2022-04-01,N-102,BrandB,REP_N-102,26,6,30,52
2022-04-01,N-102,BrandC,REP_N-102,17,8,44,47
2022-04-01,N-102,BrandD,REP_N-102,19,3,43,56
2022-04-01,N-103,BrandA,REP_N-103,18,5,36,51
2022-04-01,N-103,BrandB,REP_N-103,19,9,46,59
2022-04-01,N-103,BrandC,REP_N-103,20,7,32,54
2022-04-01,N-103,BrandD,REP_N-103,21,7,48,58
2022-04-01,S-201,BrandA,REP_S-201,25,9,33,59
2022-04-01,S-201,BrandB,REP_S-201,18,7,39,48
2022-04-01,S-201,BrandC,REP_S-201,23,13,42,55
2022-04-01,S-201,BrandD,REP_S-201,16,7,47,60
2022-04-01,S-202,BrandA,REP_S-202,32,11,44,73
2022-04-01,S-202,BrandB,REP_S-202,21,6,27,65
2022-04-01,S-202,BrandC,REP_S-202,20,14,38,52
2022-04-01,S-202,BrandD,REP_S-202,26,7,35,46
2022-04-01,S-203,BrandA,REP_S-203,21,6,34,54
2022-04-01,S-203,BrandB,REP_S-203,16,7,40,54
2022-04-01,S-203,BrandC,REP_S-203,29,11,45,65
2022-04-01,S-203,BrandD,REP_S-203,22,7,45,58
2022-04-01,W-401,BrandA,REP_W-401,23,10,37,51
2022-04-01,W-401,BrandB,REP_W-401,33,6,39,60
2022-04-01,W-401,BrandC,REP_W-401,19,12,40,57
2022-04-01,W-401,BrandD,REP_W-401,31,9,37,60
2022-04-01,W-402,BrandA,REP_W-402,25,7,33,59
2022-04-01,W-402,BrandB,REP_W-402,17,6,44,51
2022-04-01,W-402,BrandC,REP_W-402,15,11,40,52
2022-04-01,W-402,BrandD,REP_W-402,23,12,41,55
2022-04-01,W-403,BrandA,REP_W-403,27,8,46,63
2022-04-01,W-403,BrandB,REP_W-403,21,15,33,58
2022-04-01,W-403,BrandC,REP_W-403,15,11,35,52
2022-04-01,W-403,BrandD,REP_W-403,19,10,44,62
2022-05-01,E-301,BrandA,REP_E-301,19,10,51,55
2022-05-01,E-301,BrandB,REP_E-301,17,5,34,57
2022-05-01,E-301,BrandC,REP_E-301,21,16,34,58
2022-05-01,E-301,BrandD,REP_E-301,21,14,35,55
2022-05-01,E-302,BrandA,REP_E-302,18,12,41,65
2022-05-01,E-302,BrandB,REP_E-302,29,15,39,62
2022-05-01,E-302,BrandC,REP_E-302,21,5,46,54
2022-05-01,E-302,BrandD,REP_E-302,20,6,42,63
2022-05-01,E-303,BrandA,REP_E-303,20,9,31,52
2022-05-01,E-303,BrandB,REP_E-303,30,6,43,55
2022-05-01,E-303,BrandC,REP_E-303,27,5,37,55
2022-05-01,E-303,BrandD,REP_E-303,24,10,38,54
2022-05-01,N-101,BrandA,REP_N-101,23,11,43,53
2022-05-01,N-101,BrandB,REP_N-101,22,9,48,45
2022-05-01,N-101,BrandC,REP_N-101,24,5,50,64
2022-05-01,N-101,BrandD,REP_N-101,18,5,45,60
2022-05-01,N-102,BrandA,REP_N-102,16,4,36,49
2022-05-01,N-102,BrandB,REP_N-102,15,8,52,68
2022-05-01,N-102,BrandC,REP_N-102,19,7,40,48
2022-05-01,N-102,BrandD,REP_N-102,21,4,28,67
2022-05-01,N-103,BrandA,REP_N-103,21,4,33,51
2022-05-01,N-103,BrandB,REP_N-103,21,10,49,61
2022-05-01,N-103,BrandC,REP_N-103,27,8,42,54
2022-05-01,N-103,BrandD,REP_N-103,20,9,41,46
2022-05-01,S-201,BrandA,REP_S-201,27,10,44,56
2022-05-01,S-201,BrandB,REP_S-201,17,9,34,49
2022-05-01,S-201,BrandC,REP_S-201,21,5,46,66
2022-05-01,S-201,BrandD,REP_S-201,21,12,34,56
2022-05-01,S-202,BrandA,REP_S-202,17,5,39,53
2022-05-01,S-202,BrandB,REP_S-202,24,8,57,47
2022-05-01,S-202,BrandC,REP_S-202,22,8,50,59
2022-05-01,S-202,BrandD,REP_S-202,22,10,37,35
2022-05-01,S-203,BrandA,REP_S-203,16,7,45,49
2022-05-01,S-203,BrandB,REP_S-203,21,10,48,62
2022-05-01,S-203,BrandC,REP_S-203,33,11,49,63
2022-05-01,S-203,BrandD,REP_S-203,18,9,29,43
2022-05-01,W-401,BrandA,REP_W-401,23,13,21,42
2022-05-01,W-401,BrandB,REP_W-401,19,7,45,51
2022-05-01,W-401,BrandC,REP_W-401,25,8,49,55
2022-05-01,W-401,BrandD,REP_W-401,21,13,35,50
2022-05-01,W-402,BrandA,REP_W-402,20,7,41,45
2022-05-01,W-402,BrandB,REP_W-402,21,9,49,57
2022-05-01,W-402,BrandC,REP_W-402,18,9,35,43
2022-05-01,W-402,BrandD,REP_W-402,26,9,37,42
2022-05-01,W-403,BrandA,REP_W-403,11,8,40,63
2022-05-01,W-403,BrandB,REP_W-403,21,9,41,59
2022-05-01,W-403,BrandC,REP_W-403,28,13,37,38
2022-05-01,W-403,BrandD,REP_W-403,22,7,42,65
2022-06-01,E-301,BrandA,REP_E-301,23,9,32,51
2022-06-01,E-301,BrandB,REP_E-301,20,9,37,60
2022-06-01,E-301,BrandC,REP_E-301,26,9,36,60
2022-06-01,E-301,BrandD,REP_E-301,17,9,45,57
2022-06-01,E-302,BrandA,REP_E-302,26,9,38,67
2022-06-01,E-302,BrandB,REP_E-302,21,6,40,72
2022-06-01,E-302,BrandC,REP_E-302,27,10,61,57
2022-06-01,E-302,BrandD,REP_E-302,22,10,35,68
2022-06-01,E-303,BrandA,REP_E-303,22,5,38,48
2022-06-01,E-303,BrandB,REP_E-303,25,9,41,45
2022-06-01,E-303,BrandC,REP_E-303,15,9,43,54
2022-06-01,E-303,BrandD,REP_E-303,21,16,26,48
2022-06-01,N-101,BrandA,REP_N-101,24,9,44,53
2022-06-01,N-101,BrandB,REP_N-101,19,3,41,53
2022-06-01,N-101,BrandC,REP_N-101,29,7,48,71
2022-06-01,N-101,BrandD,REP_N-101,22,6,36,51
2022-06-01,N-102,BrandA,REP_N-102,31,12,36,55
2022-06-01,N-102,BrandB,REP_N-102,25,2,36,49
2022-06-01,N-102,BrandC,REP_N-102,22,10,37,58
2022-06-01,N-102,BrandD,REP_N-102,25,6,45,47
2022-06-01,N-103,BrandA,REP_N-103,26,4,31,50
2022-06-01,N-103,BrandB,REP_N-103,30,3,30,51
2022-06-01,N-103,BrandC,REP_N-103,28,7,37,57
2022-06-01,N-103,BrandD,REP_N-103,13,12,33,63
2022-06-01,S-201,BrandA,REP_S-201,22,11,40,48
2022-06-01,S-201,BrandB,REP_S-201,29,11,35,54
2022-06-01,S-201,BrandC,REP_S-201,21,9,40,65
2022-06-01,S-201,BrandD,REP_S-201,19,8,44,53
2022-06-01,S-202,BrandA,REP_S-202,16,11,32,48
2022-06-01,S-202,BrandB,REP_S-202,26,7,34,60
2022-06-01,S-202,BrandC,REP_S-202,19,9,50,54
2022-06-01,S-202,BrandD,REP_S-202,30,10,38,53
2022-06-01,S-203,BrandA,REP_S-203,22,5,40,61
2022-06-01,S-203,BrandB,REP_S-203,21,8,42,65
2022-06-01,S-203,BrandC,REP_S-203,24,10,41,47
2022-06-01,S-203,BrandD,REP_S-203,13,5,29,47
2022-06-01,W-401,BrandA,REP_W-401,19,9,27,58
2022-06-01,W-401,BrandB,REP_W-401,17,11,28,46
2022-06-01,W-401,BrandC,REP_W-401,16,8,34,60
2022-06-01,W-401,BrandD,REP_W-401,12,8,38,46
2022-06-01,W-402,BrandA,REP_W-402,19,5,37,52
2022-06-01,W-402,BrandB,REP_W-402,21,9,37,61
2022-06-01,W-402,BrandC,REP_W-402,28,10,47,63
2022-06-01,W-402,BrandD,REP_W-402,21,9,42,54
2022-06-01,W-403,BrandA,REP_W-403,21,7,35,58
2022-06-01,W-403,BrandB,REP_W-403,18,13,47,58
2022-06-01,W-403,BrandC,REP_W-403,23,8,44,55
2022-06-01,W-403,BrandD,REP_W-403,29,9,37,50
2022-07-01,E-301,BrandA,REP_E-301,23,9,47,51
2022-07-01,E-301,BrandB,REP_E-301,22,9,47,50
2022-07-01,E-301,BrandC,REP_E-301,20,6,35,45
2022-07-01,E-301,BrandD,REP_E-301,27,13,42,66
2022-07-01,E-302,BrandA,REP_E-302,21,6,38,64
2022-07-01,E-302,BrandB,REP_E-302,23,5,43,59
2022-07-01,E-302,BrandC,REP_E-302,16,12,37,55
2022-07-01,E-302,BrandD,REP_E-302,20,6,37,43
2022-07-01,E-303,BrandA,REP_E-303,22,7,42,74
2022-07-01,E-303,BrandB,REP_E-303,19,7,35,58
2022-07-01,E-303,BrandC,REP_E-303,21,13,41,48
2022-07-01,E-303,BrandD,REP_E-303,24,4,57,57
2022-07-01,N-101,BrandA,REP_N-101,26,10,32,62
2022-07-01,N-101,BrandB,REP_N-101,23,5,42,59
2022-07-01,N-101,BrandC,REP_N-101,25,9,48,59
2022-07-01,N-101,BrandD,REP_N-101,17,10,47,52
2022-07-01,N-102,BrandA,REP_N-102,29,10,53,59
2022-07-01,N-102,BrandB,REP_N-102,23,7,31,63
2022-07-01,N-102,BrandC,REP_N-102,19,9,33,56
2022-07-01,N-102,BrandD,REP_N-102,21,6,37,53
2022-07-01,N-103,BrandA,REP_N-103,19,13,36,65
2022-07-01,N-103,BrandB,REP_N-103,21,11,31,62
2022-07-01,N-103,BrandC,REP_N-103,27,9,39,51
2022-07-01,N-103,BrandD,REP_N-103,21,10,39,56
2022-07-01,S-201,BrandA,REP_S-201,26,9,35,63
2022-07-01,S-201,BrandB,REP_S-201,16,10,33,59
2022-07-01,S-201,BrandC,REP_S-201,22,9,44,55
2022-07-01,S-201,BrandD,REP_S-201,22,6,37,59
2022-07-01,S-202,BrandA,REP_S-202,19,8,49,48
2022-07-01,S-202,BrandB,REP_S-202,20,11,35,68
2022-07-01,S-202,BrandC,REP_S-202,22,11,43,41
2022-07-01,S-202,BrandD,REP_S-202,31,9,49,63
2022-07-01,S-203,BrandA,REP_S-203,18,10,43,44
2022-07-01,S-203,BrandB,REP_S-203,24,10,26,58
2022-07-01,S-203,BrandC,REP_S-203,24,3,29,63
2022-07-01,S-203,BrandD,REP_S-203,27,14,37,55
2022-07-01,W-401,BrandA,REP_W-401,20,9,50,62
2022-07-01,W-401,BrandB,REP_W-401,14,6,39,63
2022-07-01,W-401,BrandC,REP_W-401,21,7,25,58
2022-07-01,W-401,BrandD,REP_W-401,27,9,47,53
2022-07-01,W-402,BrandA,REP_W-402,18,4,34,48
2022-07-01,W-402,BrandB,REP_W-402,18,10,41,57
2022-07-01,W-402,BrandC,REP_W-402,34,10,42,49
2022-07-01,W-402,BrandD,REP_W-402,13,3,39,62
2022-07-01,W-403,BrandA,REP_W-403,30,8,50,62
2022-07-01,W-403,BrandB,REP_W-403,22,5,43,46
2022-07-01,W-403,BrandC,REP_W-403,30,2,32,62
2022-07-01,W-403,BrandD,REP_W-403,24,10,39,59
2022-08-01,E-301,BrandA,REP_E-301,17,9,44,48
2022-08-01,E-301,BrandB,REP_E-301,23,3,45,58
2022-08-01,E-301,BrandC,REP_E-301,21,8,44,51
2022-08-01,E-301,BrandD,REP_E-301,27,4,36,51
2022-08-01,E-302,BrandA,REP_E-302,22,6,42,57
2022-08-01,E-302,BrandB,REP_E-302,14,7,31,65
2022-08-01,E-302,BrandC,REP_E-302,24,6,45,60
2022-08-01,E-302,BrandD,REP_E-302,25,5,40,70
2022-08-01,E-303,BrandA,REP_E-303,17,3,35,52
2022-08-01,E-303,BrandB,REP_E-303,16,11,43,56
2022-08-01,E-303,BrandC,REP_E-303,17,9,55,51
2022-08-01,E-303,BrandD,REP_E-303,27,10,47,57
2022-08-01,N-101,BrandA,REP_N-101,26,8,40,53
2022-08-01,N-101,BrandB,REP_N-101,18,4,41,58
2022-08-01,N-101,BrandC,REP_N-101,23,10,45,56
2022-08-01,N-101,BrandD,REP_N-101,20,9,41,48
2022-08-01,N-102,BrandA,REP_N-102,17,5,40,61
2022-08-01,N-102,BrandB,REP_N-102,27,6,40,52
2022-08-01,N-102,BrandC,REP_N-102,19,3,41,48
2022-08-01,N-102,BrandD,REP_N-102,23,10,41,51
2022-08-01,N-103,BrandA,REP_N-103,22,10,47,33
2022-08-01,N-103,BrandB,REP_N-103,24,8,44,56
2022-08-01,N-103,BrandC,REP_N-103,19,4,52,44
2022-08-01,N-103,BrandD,REP_N-103,26,10,47,65
2022-08-01,S-201,BrandA,REP_S-201,24,6,32,64
2022-08-01,S-201,BrandB,REP_S-201,15,6,31,56
2022-08-01,S-201,BrandC,REP_S-201,21,13,39,45
2022-08-01,S-201,BrandD,REP_S-201,28,6,34,64
2022-08-01,S-202,BrandA,REP_S-202,23,7,43,47
2022-08-01,S-202,BrandB,REP_S-202,23,13,38,67
2022-08-01,S-202,BrandC,REP_S-202,19,3,34,56
2022-08-01,S-202,BrandD,REP_S-202,17,9,33,57
2022-08-01,S-203,BrandA,REP_S-203,22,8,45,55
2022-08-01,S-203,BrandB,REP_S-203,16,7,40,59
2022-08-01,S-203,BrandC,REP_S-203,20,7,33,58
2022-08-01,S-203,BrandD,REP_S-203,19,11,50,54
2022-08-01,W-401,BrandA,REP_W-401,26,7,41,47
2022-08-01,W-401,BrandB,REP_W-401,21,12,31,50
2022-08-01,W-401,BrandC,REP_W-401,23,5,41,48
2022-08-01,W-401,BrandD,REP_W-401,26,14,33,52
2022-08-01,W-402,BrandA,REP_W-402,25,10,51,53
2022-08-01,W-402,BrandB,REP_W-402,21,3,36,48
2022-08-01,W-402,BrandC,REP_W-402,18,7,46,40
2022-08-01,W-402,BrandD,REP_W-402,19,12,38,54
2022-08-01,W-403,BrandA,REP_W-403,21,3,42,46
2022-08-01,W-403,BrandB,REP_W-403,22,10,44,43
2022-08-01,W-403,BrandC,REP_W-403,14,12,54,58
2022-08-01,W-403,BrandD,REP_W-403,13,6,43,49
2022-09-01,E-301,BrandA,REP_E-301,26,9,46,42
2022-09-01,E-301,BrandB,REP_E-301,19,5,44,48
2022-09-01,E-301,BrandC,REP_E-301,28,4,52,58
2022-09-01,E-301,BrandD,REP_E-301,23,10,42,59
2022-09-01,E-302,BrandA,REP_E-302,29,7,38,60
2022-09-01,E-302,BrandB,REP_E-302,20,8,40,58
2022-09-01,E-302,BrandC,REP_E-302,23,9,45,55
2022-09-01,E-302,BrandD,REP_E-302,19,11,38,60
2022-09-01,E-303,BrandA,REP_E-303,25,5,46,54
2022-09-01,E-303,BrandB,REP_E-303,23,10,33,64
2022-09-01,E-303,BrandC,REP_E-303,19,12,38,53
2022-09-01,E-303,BrandD,REP_E-303,28,6,44,52
2022-09-01,N-101,BrandA,REP_N-101,22,12,45,55
2022-09-01,N-101,BrandB,REP_N-101,27,8,36,52
2022-09-01,N-101,BrandC,REP_N-101,23,12,40,49
2022-09-01,N-101,BrandD,REP_N-101,16,6,40,60
2022-09-01,N-102,BrandA,REP_N-102,20,7,43,52
2022-09-01,N-102,BrandB,REP_N-102,19,5,36,55
2022-09-01,N-102,BrandC,REP_N-102,19,9,42,61
2022-09-01,N-102,BrandD,REP_N-102,20,6,46,63
2022-09-01,N-103,BrandA,REP_N-103,30,7,42,44
2022-09-01,N-103,BrandB,REP_N-103,26,5,44,58
2022-09-01,N-103,BrandC,REP_N-103,21,19,31,55
2022-09-01,N-103,BrandD,REP_N-103,15,11,39,45
2022-09-01,S-201,BrandA,REP_S-201,25,10,33,65
2022-09-01,S-201,BrandB,REP_S-201,20,4,36,60
2022-09-01,S-201,BrandC,REP_S-201,21,12,51,63
2022-09-01,S-201,BrandD,REP_S-201,29,8,40,55
2022-09-01,S-202,BrandA,REP_S-202,29,6,35,56
2022-09-01,S-202,BrandB,REP_S-202,22,9,53,43
2022-09-01,S-202,BrandC,REP_S-202,12,6,36,57
2022-09-01,S-202,BrandD,REP_S-202,18,12,52,76
2022-09-01,S-203,BrandA,REP_S-203,24,11,44,67
2022-09-01,S-203,BrandB,REP_S-203,19,11,42,62
2022-09-01,S-203,BrandC,REP_S-203,19,10,35,61
2022-09-01,S-203,BrandD,REP_S-203,24,11,48,54
2022-09-01,W-401,BrandA,REP_W-401,31,8,42,54
2022-09-01,W-401,BrandB,REP_W-401,23,4,29,56
2022-09-01,W-401,BrandC,REP_W-401,19,10,38,48
2022-09-01,W-401,BrandD,REP_W-401,27,14,40,65
2022-09-01,W-402,BrandA,REP_W-402,24,5,43,59
2022-09-01,W-402,BrandB,REP_W-402,20,6,34,54
2022-09-01,W-402,BrandC,REP_W-402,22,6,45,64
2022-09-01,W-402,BrandD,REP_W-402,17,11,47,53
2022-09-01,W-403,BrandA,REP_W-403,21,12,44,52
2022-09-01,W-403,BrandB,REP_W-403,20,6,35,43
2022-09-01,W-403,BrandC,REP_W-403,23,7,39,54
2022-09-01,W-403,BrandD,REP_W-403,25,2,48,44
2022-10-01,E-301,BrandA,REP_E-301,24,13,42,56
2022-10-01,E-301,BrandB,REP_E-301,21,11,32,49
2022-10-01,E-301,BrandC,REP_E-301,33,8,46,55
2022-10-01,E-301,BrandD,REP_E-301,30,6,39,58
2022-10-01,E-302,BrandA,REP_E-302,16,12,38,43
2022-10-01,E-302,BrandB,REP_E-302,11,11,44,50
2022-10-01,E-302,BrandC,REP_E-302,20,7,31,61
2022-10-01,E-302,BrandD,REP_E-302,27,16,29,60
2022-10-01,E-303,BrandA,REP_E-303,16,5,42,58
2022-10-01,E-303,BrandB,REP_E-303,36,10,39,41
2022-10-01,E-303,BrandC,REP_E-303,19,10,46,53
2022-10-01,E-303,BrandD,REP_E-303,23,11,39,50
2022-10-01,N-101,BrandA,REP_N-101,19,7,38,64
2022-10-01,N-101,BrandB,REP_N-101,23,11,27,63
2022-10-01,N-101,BrandC,REP_N-101,24,7,33,55
2022-10-01,N-101,BrandD,REP_N-101,15,11,43,45
2022-10-01,N-102,BrandA,REP_N-102,18,4,34,46
2022-10-01,N-102,BrandB,REP_N-102,14,11,38,61
2022-10-01,N-102,BrandC,REP_N-102,23,7,37,41
2022-10-01,N-102,BrandD,REP_N-102,23,12,38,43
2022-10-01,N-103,BrandA,REP_N-103,21,6,39,54
2022-10-01,N-103,BrandB,REP_N-103,24,9,54,56
2022-10-01,N-103,BrandC,REP_N-103,25,4,37,51
2022-10-01,N-103,BrandD,REP_N-103,18,9,49,57
2022-10-01,S-201,BrandA,REP_S-201,21,12,46,58
2022-10-01,S-201,BrandB,REP_S-201,17,12,33,58
2022-10-01,S-201,BrandC,REP_S-201,21,5,44,42
2022-10-01,S-201,BrandD,REP_S-201,22,9,36,52
2022-10-01,S-202,BrandA,REP_S-202,22,7,24,42
2022-10-01,S-202,BrandB,REP_S-202,17,13,40,54
2022-10-01,S-202,BrandC,REP_S-202,28,4,39,61
2022-10-01,S-202,BrandD,REP_S-202,18,7,33,57
2022-10-01,S-203,BrandA,REP_S-203,18,11,51,58
2022-10-01,S-203,BrandB,REP_S-203,18,8,43,60
2022-10-01,S-203,BrandC,REP_S-203,16,9,34,58
2022-10-01,S-203,BrandD,REP_S-203,21,14,37,51
2022-10-01,W-401,BrandA,REP_W-401,20,4,41,57
2022-10-01,W-401,BrandB,REP_W-401,25,10,40,61
2022-10-01,W-401,BrandC,REP_W-401,25,9,40,59
2022-10-01,W-401,BrandD,REP_W-401,19,11,38,39
2022-10-01,W-402,BrandA,REP_W-402,15,7,28,64
2022-10-01,W-402,BrandB,REP_W-402,22,4,37,63
2022-10-01,W-402,BrandC,REP_W-402,18,6,39,65
2022-10-01,W-402,BrandD,REP_W-402,20,4,42,69
2022-10-01,W-403,BrandA,REP_W-403,19,17,44,52
2022-10-01,W-403,BrandB,REP_W-403,20,10,30,57
2022-10-01,W-403,BrandC,REP_W-403,19,4,35,58
2022-10-01,W-403,BrandD,REP_W-403,24,11,43,49
2022-11-01,E-301,BrandA,REP_E-301,28,13,38,55
2022-11-01,E-301,BrandB,REP_E-301,21,8,40,48
2022-11-01,E-301,BrandC,REP_E-301,23,8,43,44
2022-11-01,E-301,BrandD,REP_E-301,30,11,42,46
2022-11-01,E-302,BrandA,REP_E-302,23,3,43,45
2022-11-01,E-302,BrandB,REP_E-302,19,9,48,49
2022-11-01,E-302,BrandC,REP_E-302,24,12,34,38
2022-11-01,E-302,BrandD,REP_E-302,20,14,61,48
2022-11-01,E-303,BrandA,REP_E-303,23,7,49,56
2022-11-01,E-303,BrandB,REP_E-303,14,13,34,47
2022-11-01,E-303,BrandC,REP_E-303,23,5,25,40
2022-11-01,E-303,BrandD,REP_E-303,18,10,44,54
2022-11-01,N-101,BrandA,REP_N-101,25,9,38,47
2022-11-01,N-101,BrandB,REP_N-101,19,9,36,53
2022-11-01,N-101,BrandC,REP_N-101,22,10,47,59
2022-11-01,N-101,BrandD,REP_N-101,13,8,47,51
2022-11-01,N-102,BrandA,REP_N-102,19,10,34,60
2022-11-01,N-102,BrandB,REP_N-102,17,5,39,56
2022-11-01,N-102,BrandC,REP_N-102,25,9,38,53
2022-11-01,N-102,BrandD,REP_N-102,19,9,32,55
2022-11-01,N-103,BrandA,REP_N-103,28,8,38,55
2022-11-01,N-103,BrandB,REP_N-103,18,4,46,51
2022-11-01,N-103,BrandC,REP_N-103,21,5,45,62
2022-11-01,N-103,BrandD,REP_N-103,29,10,39,65
2022-11-01,S-201,BrandA,REP_S-201,18,12,37,58
2022-11-01,S-201,BrandB,REP_S-201,20,7,50,52
2022-11-01,S-201,BrandC,REP_S-201,24,8,39,65
2022-11-01,S-201,BrandD,REP_S-201,17,9,55,46
2022-11-01,S-202,BrandA,REP_S-202,14,10,35,51
2022-11-01,S-202,BrandB,REP_S-202,12,9,44,51
2022-11-01,S-202,BrandC,REP_S-202,14,4,45,64
2022-11-01,S-202,BrandD,REP_S-202,15,10,35,58
2022-11-01,S-203,BrandA,REP_S-203,23,5,35,76
2022-11-01,S-203,BrandB,REP_S-203,18,10,30,44
2022-11-01,S-203,BrandC,REP_S-203,23,9,32,57
2022-11-01,S-203,BrandD,REP_S-203,17,9,41,66
2022-11-01,W-401,BrandA,REP_W-401,22,11,47,56
2022-11-01,W-401,BrandB,REP_W-401,21,10,42,56
2022-11-01,W-401,BrandC,REP_W-401,23,14,43,50
2022-11-01,W-401,BrandD,REP_W-401,17,10,35,56
2022-11-01,W-402,BrandA,REP_W-402,26,11,37,57
2022-11-01,W-402,BrandB,REP_W-402,23,5,45,47
2022-11-01,W-402,BrandC,REP_W-402,20,7,38,46
2022-11-01,W-402,BrandD,REP_W-402,22,8,40,43
2022-11-01,W-403,BrandA,REP_W-403,26,8,43,53
2022-11-01,W-403,BrandB,REP_W-403,21,7,43,59
2022-11-01,W-403,BrandC,REP_W-403,21,11,28,46
2022-11-01,W-403,BrandD,REP_W-403,18,7,44,57
2022-12-01,E-301,BrandA,REP_E-301,20,7,48,56
2022-12-01,E-301,BrandB,REP_E-301,26,8,32,62
2022-12-01,E-301,BrandC,REP_E-301,18,15,52,60
2022-12-01,E-301,BrandD,REP_E-301,23,8,30,57
2022-12-01,E-302,BrandA,REP_E-302,21,3,46,46
2022-12-01,E-302,BrandB,REP_E-302,19,5,38,59
2022-12-01,E-302,BrandC,REP_E-302,24,10,50,60
2022-12-01,E-302,BrandD,REP_E-302,22,11,22,47
2022-12-01,E-303,BrandA,REP_E-303,24,10,43,49
2022-12-01,E-303,BrandB,REP_E-303,18,11,48,59
2022-12-01,E-303,BrandC,REP_E-303,18,9,45,50
2022-12-01,E-303,BrandD,REP_E-303,10,12,28,53
2022-12-01,N-101,BrandA,REP_N-101,19,3,38,49
2022-12-01,N-101,BrandB,REP_N-101,19,11,41,55
2022-12-01,N-101,BrandC,REP_N-101,29,11,37,51
2022-12-01,N-101,BrandD,REP_N-101,16,6,30,55
2022-12-01,N-102,BrandA,REP_N-102,21,7,30,44
2022-12-01,N-102,BrandB,REP_N-102,17,6,41,54
2022-12-01,N-102,BrandC,REP_N-102,22,7,40,61
2022-12-01,N-102,BrandD,REP_N-102,28,9,43,59
2022-12-01,N-103,BrandA,REP_N-103,27,13,38,52
2022-12-01,N-103,BrandB,REP_N-103,23,9,41,55
2022-12-01,N-103,BrandC,REP_N-103,27,10,45,51
2022-12-01,N-103,BrandD,REP_N-103,17,6,36,47
2022-12-01,S-201,BrandA,REP_S-201,19,7,42,59
2022-12-01,S-201,BrandB,REP_S-201,19,8,38,64
2022-12-01,S-201,BrandC,REP_S-201,26,8,42,54
2022-12-01,S-201,BrandD,REP_S-201,20,8,41,61
2022-12-01,S-202,BrandA,REP_S-202,16,7,37,31
2022-12-01,S-202,BrandB,REP_S-202,19,9,40,61
2022-12-01,S-202,BrandC,REP_S-202,19,7,38,44
2022-12-01,S-202,BrandD,REP_S-202,17,4,44,46
2022-12-01,S-203,BrandA,REP_S-203,16,6,32,49
2022-12-01,S-203,BrandB,REP_S-203,18,5,49,54
2022-12-01,S-203,BrandC,REP_S-203,23,11,29,46
2022-12-01,S-203,BrandD,REP_S-203,36,5,54,50
2022-12-01,W-401,BrandA,REP_W-401,20,10,38,49
2022-12-01,W-401,BrandB,REP_W-401,27,7,43,51
2022-12-01,W-401,BrandC,REP_W-401,25,7,30,55
2022-12-01,W-401,BrandD,REP_W-401,18,5,49,65
2022-12-01,W-402,BrandA,REP_W-402,14,8,44,70
2022-12-01,W-402,BrandB,REP_W-402,23,7,33,53
2022-12-01,W-402,BrandC,REP_W-402,24,8,28,60
2022-12-01,W-402,BrandD,REP_W-402,23,11,37,60
2022-12-01,W-403,BrandA,REP_W-403,23,10,50,64
2022-12-01,W-403,BrandB,REP_W-403,29,6,42,52
2022-12-01,W-403,BrandC,REP_W-403,22,12,43,46
2022-12-01,W-403,BrandD,REP_W-403,32,5,33,72
2023-01-01,E-301,BrandA,REP_E-301,22,13,35,53
2023-01-01,E-301,BrandB,REP_E-301,27,14,43,62
2023-01-01,E-301,BrandC,REP_E-301,22,5,43,52
2023-01-01,E-301,BrandD,REP_E-301,18,8,46,61
2023-01-01,E-302,BrandA,REP_E-302,22,8,33,43
2023-01-01,E-302,BrandB,REP_E-302,20,10,42,50
2023-01-01,E-302,BrandC,REP_E-302,23,4,36,52
2023-01-01,E-302,BrandD,REP_E-302,20,6,34,61
2023-01-01,E-303,BrandA,REP_E-303,21,8,41,66
2023-01-01,E-303,BrandB,REP_E-303,26,10,35,55
2023-01-01,E-303,BrandC,REP_E-303,18,5,38,61
2023-01-01,E-303,BrandD,REP_E-303,31,12,34,59
2023-01-01,N-101,BrandA,REP_N-101,24,5,39,52
2023-01-01,N-101,BrandB,REP_N-101,25,13,38,56
2023-01-01,N-101,BrandC,REP_N-101,24,12,43,59
2023-01-01,N-101,BrandD,REP_N-101,20,8,38,56
2023-01-01,N-102,BrandA,REP_N-102,29,3,37,53
2023-01-01,N-102,BrandB,REP_N-102,22,8,35,60
2023-01-01,N-102,BrandC,REP_N-102,25,8,38,61
2023-01-01,N-102,BrandD,REP_N-102,15,9,36,49
2023-01-01,N-103,BrandA,REP_N-103,18,8,40,50
2023-01-01,N-103,BrandB,REP_N-103,24,7,46,51
2023-01-01,N-103,BrandC,REP_N-103,25,9,27,66
2023-01-01,N-103,BrandD,REP_N-103,24,11,42,48
2023-01-01,S-201,BrandA,REP_S-201,30,8,45,62
2023-01-01,S-201,BrandB,REP_S-201,19,9,35,44
2023-01-01,S-201,BrandC,REP_S-201,15,9,49,46
2023-01-01,S-201,BrandD,REP_S-201,19,11,40,50
2023-01-01,S-202,BrandA,REP_S-202,15,9,46,48
2023-01-01,S-202,BrandB,REP_S-202,21,6,35,58
2023-01-01,S-202,BrandC,REP_S-202,17,10,37,63
2023-01-01,S-202,BrandD,REP_S-202,17,8,35,50
2023-01-01,S-203,BrandA,REP_S-203,21,7,34,56
2023-01-01,S-203,BrandB,REP_S-203,26,7,37,43
2023-01-01,S-203,BrandC,REP_S-203,17,6,41,50
2023-01-01,S-203,BrandD,REP_S-203,16,8,48,66
2023-01-01,W-401,BrandA,REP_W-401,20,10,49,52
2023-01-01,W-401,BrandB,REP_W-401,27,8,49,58
2023-01-01,W-401,BrandC,REP_W-401,21,5,47,53
2023-01-01,W-401,BrandD,REP_W-401,22,11,32,65
2023-01-01,W-402,BrandA,REP_W-402,28,10,43,48
2023-01-01,W-402,BrandB,REP_W-402,19,8,37,56
2023-01-01,W-402,BrandC,REP_W-402,14,7,45,54
2023-01-01,W-402,BrandD,REP_W-402,20,2,50,49
2023-01-01,W-403,BrandA,REP_W-403,17,13,43,54
2023-01-01,W-403,BrandB,REP_W-403,19,6,50,65
2023-01-01,W-403,BrandC,REP_W-403,16,4,40,58
2023-01-01,W-403,BrandD,REP_W-403,17,11,38,48
2023-02-01,E-301,BrandA,REP_E-301,16,13,26,61
2023-02-01,E-301,BrandB,REP_E-301,17,10,52,60
2023-02-01,E-301,BrandC,REP_E-301,32,14,36,64
2023-02-01,E-301,BrandD,REP_E-301,21,7,40,53
2023-02-01,E-302,BrandA,REP_E-302,21,8,42,43
2023-02-01,E-302,BrandB,REP_E-302,16,9,30,52
2023-02-01,E-302,BrandC,REP_E-302,16,7,39,47
2023-02-01,E-302,BrandD,REP_E-302,18,15,39,52
2023-02-01,E-303,BrandA,REP_E-303,31,4,46,50
2023-02-01,E-303,BrandB,REP_E-303,22,9,42,53
2023-02-01,E-303,BrandC,REP_E-303,14,7,33,49
2023-02-01,E-303,BrandD,REP_E-303,24,9,39,50
2023-02-01,N-101,BrandA,REP_N-101,18,7,45,56
2023-02-01,N-101,BrandB,REP_N-101,25,6,33,59
2023-02-01,N-101,BrandC,REP_N-101,26,8,41,63
2023-02-01,N-101,BrandD,REP_N-101,24,11,42,57
2023-02-01,N-102,BrandA,REP_N-102,17,6,37,60
2023-02-01,N-102,BrandB,REP_N-102,20,8,29,50
2023-02-01,N-102,BrandC,REP_N-102,15,4,43,52
2023-02-01,N-102,BrandD,REP_N-102,18,9,46,43
2023-02-01,N-103,BrandA,REP_N-103,15,11,41,62
2023-02-01,N-103,BrandB,REP_N-103,19,9,35,59
2023-02-01,N-103,BrandC,REP_N-103,19,10,37,48
2023-02-01,N-103,BrandD,REP_N-103,22,8,34,47
2023-02-01,S-201,BrandA,REP_S-201,29,7,37,55
2023-02-01,S-201,BrandB,REP_S-201,20,8,33,48
2023-02-01,S-201,BrandC,REP_S-201,22,8,45,48
2023-02-01,S-201,BrandD,REP_S-201,22,12,38,43
2023-02-01,S-202,BrandA,REP_S-202,21,8,40,43
2023-02-01,S-202,BrandB,REP_S-202,23,11,53,48
2023-02-01,S-202,BrandC,REP_S-202,15,6,35,50
2023-02-01,S-202,BrandD,REP_S-202,28,11,42,73
2023-02-01,S-203,BrandA,REP_S-203,21,7,38,53
2023-02-01,S-203,BrandB,REP_S-203,27,6,43,60
2023-02-01,S-203,BrandC,REP_S-203,19,7,38,54
2023-02-01,S-203,BrandD,REP_S-203,26,9,39,61
2023-02-01,W-401,BrandA,REP_W-401,16,4,48,47
2023-02-01,W-401,BrandB,REP_W-401,24,9,50,61
2023-02-01,W-401,BrandC,REP_W-401,25,9,45,55
2023-02-01,W-401,BrandD,REP_W-401,30,10,41,55
2023-02-01,W-402,BrandA,REP_W-402,23,7,32,72
2023-02-01,W-402,BrandB,REP_W-402,22,11,49,47
2023-02-01,W-402,BrandC,REP_W-402,16,7,38,56
2023-02-01,W-402,BrandD,REP_W-402,24,8,33,42
2023-02-01,W-403,BrandA,REP_W-403,12,4,38,51
2023-02-01,W-403,BrandB,REP_W-403,24,11,35,55
2023-02-01,W-403,BrandC,REP_W-403,25,12,39,55
2023-02-01,W-403,BrandD,REP_W-403,19,11,37,47
2023-03-01,E-301,BrandA,REP_E-301,23,11,44,56
2023-03-01,E-301,BrandB,REP_E-301,19,6,35,47
2023-03-01,E-301,BrandC,REP_E-301,21,7,29,60
2023-03-01,E-301,BrandD,REP_E-301,22,3,42,53
2023-03-01,E-302,BrandA,REP_E-302,21,6,36,55
2023-03-01,E-302,BrandB,REP_E-302,21,9,46,59
2023-03-01,E-302,BrandC,REP_E-302,23,8,42,49
2023-03-01,E-302,BrandD,REP_E-302,24,7,29,61
2023-03-01,E-303,BrandA,REP_E-303,18,9,48,58
2023-03-01,E-303,BrandB,REP_E-303,26,8,38,50
2023-03-01,E-303,BrandC,REP_E-303,28,7,33,45
2023-03-01,E-303,BrandD,REP_E-303,18,3,41,49
2023-03-01,N-101,BrandA,REP_N-101,22,7,34,61
2023-03-01,N-101,BrandB,REP_N-101,23,8,43,64
2023-03-01,N-101,BrandC,REP_N-101,28,7,36,59
2023-03-01,N-101,BrandD,REP_N-101,19,11,42,41
2023-03-01,N-102,BrandA,REP_N-102,24,8,44,57
2023-03-01,N-102,BrandB,REP_N-102,20,6,44,56
2023-03-01,N-102,BrandC,REP_N-102,20,10,39,50
2023-03-01,N-102,BrandD,REP_N-102,12,10,36,54
2023-03-01,N-103,BrandA,REP_N-103,19,19,45,54
2023-03-01,N-103,BrandB,REP_N-103,23,12,39,56
2023-03-01,N-103,BrandC,REP_N-103,33,8,32,59
2023-03-01,N-103,BrandD,REP_N-103,18,13,41,62
2023-03-01,S-201,BrandA,REP_S-201,22,10,39,53
2023-03-01,S-201,BrandB,REP_S-201,25,5,28,54
2023-03-01,S-201,BrandC,REP_S-201,24,6,29,53
2023-03-01,S-201,BrandD,REP_S-201,16,5,50,75
2023-03-01,S-202,BrandA,REP_S-202,16,4,33,47
2023-03-01,S-202,BrandB,REP_S-202,23,8,27,53
2023-03-01,S-202,BrandC,REP_S-202,14,6,49,56
2023-03-01,S-202,BrandD,REP_S-202,19,15,32,68
2023-03-01,S-203,BrandA,REP_S-203,19,8,63,56
2023-03-01,S-203,BrandB,REP_S-203,32,6,40,58
2023-03-01,S-203,BrandC,REP_S-203,20,9,27,52
2023-03-01,S-203,BrandD,REP_S-203,11,10,34,52
2023-03-01,W-401,BrandA,REP_W-401,20,8,39,51
2023-03-01,W-401,BrandB,REP_W-401,19,8,37,55
2023-03-01,W-401,BrandC,REP_W-401,22,8,45,50
2023-03-01,W-401,BrandD,REP_W-401,16,13,31,63
2023-03-01,W-402,BrandA,REP_W-402,17,9,31,59
2023-03-01,W-402,BrandB,REP_W-402,17,3,45,44
2023-03-01,W-402,BrandC,REP_W-402,20,10,47,52
2023-03-01,W-402,BrandD,REP_W-402,19,9,39,66
2023-03-01,W-403,BrandA,REP_W-403,21,9,37,52
2023-03-01,W-403,BrandB,REP_W-403,21,6,41,60
2023-03-01,W-403,BrandC,REP_W-403,26,6,34,64
2023-03-01,W-403,BrandD,REP_W-403,18,7,36,62
2023-04-01,E-301,BrandA,REP_E-301,31,12,56,48
2023-04-01,E-301,BrandB,REP_E-301,18,10,34,52
2023-04-01,E-301,BrandC,REP_E-301,19,7,36,52
2023-04-01,E-301,BrandD,REP_E-301,25,8,38,54
2023-04-01,E-302,BrandA,REP_E-302,22,5,52,50
2023-04-01,E-302,BrandB,REP_E-302,20,5,43,60
2023-04-01,E-302,BrandC,REP_E-302,30,5,40,53
2023-04-01,E-302,BrandD,REP_E-302,25,8,43,59
2023-04-01,E-303,BrandA,REP_E-303,17,7,37,46
2023-04-01,E-303,BrandB,REP_E-303,15,6,34,63
2023-04-01,E-303,BrandC,REP_E-303,26,8,34,56
2023-04-01,E-303,BrandD,REP_E-303,16,4,47,58
2023-04-01,N-101,BrandA,REP_N-101,20,4,28,55
2023-04-01,N-101,BrandB,REP_N-101,27,9,44,56
2023-04-01,N-101,BrandC,REP_N-101,22,9,45,49
2023-04-01,N-101,BrandD,REP_N-101,19,5,47,60
2023-04-01,N-102,BrandA,REP_N-102,24,8,30,54
2023-04-01,N-102,BrandB,REP_N-102,28,6,44,59
2023-04-01,N-102,BrandC,REP_N-102,16,14,39,51
2023-04-01,N-102,BrandD,REP_N-102,22,10,46,50
2023-04-01,N-103,BrandA,REP_N-103,19,6,37,58
2023-04-01,N-103,BrandB,REP_N-103,21,5,46,57
2023-04-01,N-103,BrandC,REP_N-103,27,10,38,50
2023-04-01,N-103,BrandD,REP_N-103,17,8,44,60
2023-04-01,S-201,BrandA,REP_S-201,22,8,34,53
2023-04-01,S-201,BrandB,REP_S-201,17,14,46,47
2023-04-01,S-201,BrandC,REP_S-201,23,9,22,61
2023-04-01,S-201,BrandD,REP_S-201,24,11,39,67
2023-04-01,S-202,BrandA,REP_S-202,21,11,44,58
2023-04-01,S-202,BrandB,REP_S-202,22,5,36,47
2023-04-01,S-202,BrandC,REP_S-202,18,9,41,63
2023-04-01,S-202,BrandD,REP_S-202,15,10,43,58
2023-04-01,S-203,BrandA,REP_S-203,26,7,41,48
2023-04-01,S-203,BrandB,REP_S-203,20,8,47,56
2023-04-01,S-203,BrandC,REP_S-203,19,8,46,55
2023-04-01,S-203,BrandD,REP_S-203,20,6,39,62
2023-04-01,W-401,BrandA,REP_W-401,30,7,30,49
2023-04-01,W-401,BrandB,REP_W-401,22,7,36,49
2023-04-01,W-401,BrandC,REP_W-401,27,5,34,62
2023-04-01,W-401,BrandD,REP_W-401,22,6,41,64
2023-04-01,W-402,BrandA,REP_W-402,22,5,31,51
2023-04-01,W-402,BrandB,REP_W-402,22,6,35,57
2023-04-01,W-402,BrandC,REP_W-402,16,7,45,64
2023-04-01,W-402,BrandD,REP_W-402,20,9,34,55
2023-04-01,W-403,BrandA,REP_W-403,21,7,44,50
2023-04-01,W-403,BrandB,REP_W-403,25,7,37,59
2023-04-01,W-403,BrandC,REP_W-403,27,8,37,63
2023-04-01,W-403,BrandD,REP_W-403,18,5,42,52
2023-05-01,E-301,BrandA,REP_E-301,21,10,37,55
2023-05-01,E-301,BrandB,REP_E-301,16,6,51,53
2023-05-01,E-301,BrandC,REP_E-301,29,8,42,72
2023-05-01,E-301,BrandD,REP_E-301,22,5,37,54
2023-05-01,E-302,BrandA,REP_E-302,23,5,49,43
2023-05-01,E-302,BrandB,REP_E-302,16,7,35,63
2023-05-01,E-302,BrandC,REP_E-302,19,8,45,57
2023-05-01,E-302,BrandD,REP_E-302,25,11,38,68
2023-05-01,E-303,BrandA,REP_E-303,25,6,42,53
2023-05-01,E-303,BrandB,REP_E-303,14,11,39,57
2023-05-01,E-303,BrandC,REP_E-303,16,9,38,48
2023-05-01,E-303,BrandD,REP_E-303,16,6,33,62
2023-05-01,N-101,BrandA,REP_N-101,20,9,41,43
2023-05-01,N-101,BrandB,REP_N-101,19,9,36,47
2023-05-01,N-101,BrandC,REP_N-101,23,10,34,63
2023-05-01,N-101,BrandD,REP_N-101,24,10,35,63
2023-05-01,N-102,BrandA,REP_N-102,21,9,46,46
2023-05-01,N-102,BrandB,REP_N-102,20,9,29,63
2023-05-01,N-102,BrandC,REP_N-102,26,10,38,61
2023-05-01,N-102,BrandD,REP_N-102,27,12,46,63
2023-05-01,N-103,BrandA,REP_N-103,15,8,45,55
2023-05-01,N-103,BrandB,REP_N-103,33,9,36,45
2023-05-01,N-103,BrandC,REP_N-103,23,7,34,47
2023-05-01,N-103,BrandD,REP_N-103,26,8,30,53
2023-05-01,S-201,BrandA,REP_S-201,27,7,34,50
2023-05-01,S-201,BrandB,REP_S-201,27,8,33,56
2023-05-01,S-201,BrandC,REP_S-201,18,9,36,56
2023-05-01,S-201,BrandD,REP_S-201,30,10,40,48
2023-05-01,S-202,BrandA,REP_S-202,29,9,39,52
2023-05-01,S-202,BrandB,REP_S-202,20,9,43,54
2023-05-01,S-202,BrandC,REP_S-202,30,9,40,37
2023-05-01,S-202,BrandD,REP_S-202,27,6,51,49
2023-05-01,S-203,BrandA,REP_S-203,23,8,29,51
2023-05-01,S-203,BrandB,REP_S-203,26,14,46,67
2023-05-01,S-203,BrandC,REP_S-203,29,10,41,50
2023-05-01,S-203,BrandD,REP_S-203,27,6,35,40
2023-05-01,W-401,BrandA,REP_W-401,21,9,42,60
2023-05-01,W-401,BrandB,REP_W-401,22,7,41,57
2023-05-01,W-401,BrandC,REP_W-401,21,5,44,59
2023-05-01,W-401,BrandD,REP_W-401,20,8,29,57
2023-05-01,W-402,BrandA,REP_W-402,29,2,30,59
2023-05-01,W-402,BrandB,REP_W-402,18,5,40,55
2023-05-01,W-402,BrandC,REP_W-402,20,8,32,51
2023-05-01,W-402,BrandD,REP_W-402,25,11,34,56
2023-05-01,W-403,BrandA,REP_W-403,24,6,33,59
2023-05-01,W-403,BrandB,REP_W-403,27,5,39,53
2023-05-01,W-403,BrandC,REP_W-403,20,5,42,45
2023-05-01,W-403,BrandD,REP_W-403,20,7,39,46
2023-06-01,E-301,BrandA,REP_E-301,32,11,37,47
2023-06-01,E-301,BrandB,REP_E-301,19,5,35,52
2023-06-01,E-301,BrandC,REP_E-301,19,11,48,63
2023-06-01,E-301,BrandD,REP_E-301,22,6,51,54
2023-06-01,E-302,BrandA,REP_E-302,29,7,39,62
2023-06-01,E-302,BrandB,REP_E-302,21,5,32,45
2023-06-01,E-302,BrandC,REP_E-302,24,8,36,59
2023-06-01,E-302,BrandD,REP_E-302,17,4,27,38
2023-06-01,E-303,BrandA,REP_E-303,24,4,38,56
2023-06-01,E-303,BrandB,REP_E-303,23,8,49,51
2023-06-01,E-303,BrandC,REP_E-303,24,5,44,59
2023-06-01,E-303,BrandD,REP_E-303,15,2,46,55
2023-06-01,N-101,BrandA,REP_N-101,22,4,43,57
2023-06-01,N-101,BrandB,REP_N-101,23,7,43,45
2023-06-01,N-101,BrandC,REP_N-101,18,10,43,52
2023-06-01,N-101,BrandD,REP_N-101,24,10,36,52
2023-06-01,N-102,BrandA,REP_N-102,20,5,31,59
2023-06-01,N-102,BrandB,REP_N-102,24,9,41,74
2023-06-01,N-102,BrandC,REP_N-102,13,6,38,49
2023-06-01,N-102,BrandD,REP_N-102,16,12,46,54
2023-06-01,N-103,BrandA,REP_N-103,13,10,41,50
2023-06-01,N-103,BrandB,REP_N-103,18,5,43,57
2023-06-01,N-103,BrandC,REP_N-103,20,7,39,50
2023-06-01,N-103,BrandD,REP_N-103,24,7,24,46
2023-06-01,S-201,BrandA,REP_S-201,24,2,37,60
2023-06-01,S-201,BrandB,REP_S-201,25,4,42,64
2023-06-01,S-201,BrandC,REP_S-201,23,7,40,55
2023-06-01,S-201,BrandD,REP_S-201,22,10,42,58
2023-06-01,S-202,BrandA,REP_S-202,25,14,37,66
2023-06-01,S-202,BrandB,REP_S-202,19,6,44,44
2023-06-01,S-202,BrandC,REP_S-202,18,6,41,54
2023-06-01,S-202,BrandD,REP_S-202,33,6,48,51
2023-06-01,S-203,BrandA,REP_S-203,35,8,35,52
2023-06-01,S-203,BrandB,REP_S-203,21,11,38,42
2023-06-01,S-203,BrandC,REP_S-203,23,12,42,67
2023-06-01,S-203,BrandD,REP_S-203,28,7,45,58
2023-06-01,W-401,BrandA,REP_W-401,25,12,34,64
2023-06-01,W-401,BrandB,REP_W-401,16,12,41,50
2023-06-01,W-401,BrandC,REP_W-401,24,12,52,42
2023-06-01,W-401,BrandD,REP_W-401,23,6,37,45
2023-06-01,W-402,BrandA,REP_W-402,24,12,52,68
2023-06-01,W-402,BrandB,REP_W-402,26,10,44,47
2023-06-01,W-402,BrandC,REP_W-402,14,10,26,58
2023-06-01,W-402,BrandD,REP_W-402,25,12,35,47
2023-06-01,W-403,BrandA,REP_W-403,18,9,35,52
2023-06-01,W-403,BrandB,REP_W-403,19,7,36,61
2023-06-01,W-403,BrandC,REP_W-403,21,4,30,52
2023-06-01,W-403,BrandD,REP_W-403,15,4,38,45
2023-07-01,E-301,BrandA,REP_E-301,27,7,45,50
2023-07-01,E-301,BrandB,REP_E-301,22,8,42,57
2023-07-01,E-301,BrandC,REP_E-301,26,7,43,58
2023-07-01,E-301,BrandD,REP_E-301,26,10,53,58
2023-07-01,E-302,BrandA,REP_E-302,21,10,52,41
2023-07-01,E-302,BrandB,REP_E-302,20,6,29,56
2023-07-01,E-302,BrandC,REP_E-302,12,8,31,49
2023-07-01,E-302,BrandD,REP_E-302,18,8,46,45
2023-07-01,E-303,BrandA,REP_E-303,18,13,47,44
2023-07-01,E-303,BrandB,REP_E-303,21,8,60,36
2023-07-01,E-303,BrandC,REP_E-303,21,12,44,39
2023-07-01,E-303,BrandD,REP_E-303,27,4,32,45
2023-07-01,N-101,BrandA,REP_N-101,20,11,45,66
2023-07-01,N-101,BrandB,REP_N-101,26,9,31,61
2023-07-01,N-101,BrandC,REP_N-101,22,4,32,53
2023-07-01,N-101,BrandD,REP_N-101,17,9,36,50
2023-07-01,N-102,BrandA,REP_N-102,22,8,36,63
2023-07-01,N-102,BrandB,REP_N-102,22,5,41,64
2023-07-01,N-102,BrandC,REP_N-102,27,10,46,44
2023-07-01,N-102,BrandD,REP_N-102,21,15,42,64
2023-07-01,N-103,BrandA,REP_N-103,24,5,30,49
2023-07-01,N-103,BrandB,REP_N-103,23,6,44,63
2023-07-01,N-103,BrandC,REP_N-103,22,3,55,70
2023-07-01,N-103,BrandD,REP_N-103,29,9,39,46
2023-07-01,S-201,BrandA,REP_S-201,24,7,31,53
2023-07-01,S-201,BrandB,REP_S-201,20,4,39,49
2023-07-01,S-201,BrandC,REP_S-201,28,12,34,62
2023-07-01,S-201,BrandD,REP_S-201,20,6,36,68
2023-07-01,S-202,BrandA,REP_S-202,31,5,36,51
2023-07-01,S-202,BrandB,REP_S-202,21,10,37,56
2023-07-01,S-202,BrandC,REP_S-202,18,9,38,48
2023-07-01,S-202,BrandD,REP_S-202,27,8,33,50
2023-07-01,S-203,BrandA,REP_S-203,27,13,29,49
2023-07-01,S-203,BrandB,REP_S-203,23,8,49,44
2023-07-01,S-203,BrandC,REP_S-203,27,7,50,48
2023-07-01,S-203,BrandD,REP_S-203,11,6,38,57
2023-07-01,W-401,BrandA,REP_W-401,27,9,40,61
2023-07-01,W-401,BrandB,REP_W-401,15,9,43,63
2023-07-01,W-401,BrandC,REP_W-401,23,3,45,56
2023-07-01,W-401,BrandD,REP_W-401,20,8,29,58
2023-07-01,W-402,BrandA,REP_W-402,19,6,39,57
2023-07-01,W-402,BrandB,REP_W-402,20,8,34,58
2023-07-01,W-402,BrandC,REP_W-402,31,12,40,62
2023-07-01,W-402,BrandD,REP_W-402,21,6,42,61
2023-07-01,W-403,BrandA,REP_W-403,25,5,38,69
2023-07-01,W-403,BrandB,REP_W-403,26,10,26,67
2023-07-01,W-403,BrandC,REP_W-403,20,12,42,65
2023-07-01,W-403,BrandD,REP_W-403,22,11,29,59
2023-08-01,E-301,BrandA,REP_E-301,24,4,41,50
2023-08-01,E-301,BrandB,REP_E-301,17,9,33,49
2023-08-01,E-301,BrandC,REP_E-301,23,8,56,69
2023-08-01,E-301,BrandD,REP_E-301,20,6,43,72
2023-08-01,E-302,BrandA,REP_E-302,30,9,38,61
2023-08-01,E-302,BrandB,REP_E-302,18,5,41,42
2023-08-01,E-302,BrandC,REP_E-302,22,9,53,44
2023-08-01,E-302,BrandD,REP_E-302,15,10,45,53
2023-08-01,E-303,BrandA,REP_E-303,18,8,36,61
2023-08-01,E-303,BrandB,REP_E-303,18,9,44,61
2023-08-01,E-303,BrandC,REP_E-303,22,7,33,60
2023-08-01,E-303,BrandD,REP_E-303,18,12,47,62
2023-08-01,N-101,BrandA,REP_N-101,19,7,35,55
2023-08-01,N-101,BrandB,REP_N-101,29,8,28,48
2023-08-01,N-101,BrandC,REP_N-101,19,8,50,55
2023-08-01,N-101,BrandD,REP_N-101,23,13,47,57
2023-08-01,N-102,BrandA,REP_N-102,17,7,44,57
2023-08-01,N-102,BrandB,REP_N-102,22,10,40,66
2023-08-01,N-102,BrandC,REP_N-102,18,7,38,50
2023-08-01,N-102,BrandD,REP_N-102,20,9,37,48
2023-08-01,N-103,BrandA,REP_N-103,18,10,35,47
2023-08-01,N-103,BrandB,REP_N-103,21,11,45,63
2023-08-01,N-103,BrandC,REP_N-103,24,4,35,58
2023-08-01,N-103,BrandD,REP_N-103,21,8,36,53
2023-08-01,S-201,BrandA,REP_S-201,21,10,28,56
2023-08-01,S-201,BrandB,REP_S-201,20,9,47,57
2023-08-01,S-201,BrandC,REP_S-201,21,11,37,53
2023-08-01,S-201,BrandD,REP_S-201,26,6,37,54
2023-08-01,S-202,BrandA,REP_S-202,23,9,43,59
2023-08-01,S-202,BrandB,REP_S-202,19,12,33,44
2023-08-01,S-202,BrandC,REP_S-202,19,2,42,49
2023-08-01,S-202,BrandD,REP_S-202,29,9,30,55
2023-08-01,S-203,BrandA,REP_S-203,26,5,42,52
2023-08-01,S-203,BrandB,REP_S-203,23,14,40,48
2023-08-01,S-203,BrandC,REP_S-203,15,6,50,59
2023-08-01,S-203,BrandD,REP_S-203,20,8,37,58
2023-08-01,W-401,BrandA,REP_W-401,24,6,35,59
2023-08-01,W-401,BrandB,REP_W-401,22,6,43,72
2023-08-01,W-401,BrandC,REP_W-401,21,11,45,58
2023-08-01,W-401,BrandD,REP_W-401,25,7,32,44
2023-08-01,W-402,BrandA,REP_W-402,20,12,53,58
2023-08-01,W-402,BrandB,REP_W-402,14,6,28,45
2023-08-01,W-402,BrandC,REP_W-402,27,8,29,47
2023-08-01,W-402,BrandD,REP_W-402,16,13,36,51
2023-08-01,W-403,BrandA,REP_W-403,15,5,49,48
2023-08-01,W-403,BrandB,REP_W-403,26,13,40,73
2023-08-01,W-403,BrandC,REP_W-403,27,6,38,55
2023-08-01,W-403,BrandD,REP_W-403,27,5,34,49
2023-09-01,E-301,BrandA,REP_E-301,22,3,36,53
2023-09-01,E-301,BrandB,REP_E-301,23,7,53,51
2023-09-01,E-301,BrandC,REP_E-301,29,8,40,57
2023-09-01,E-301,BrandD,REP_E-301,22,11,40,49
2023-09-01,E-302,BrandA,REP_E-302,22,6,56,62
2023-09-01,E-302,BrandB,REP_E-302,21,6,46,54
2023-09-01,E-302,BrandC,REP_E-302,25,9,49,56
2023-09-01,E-302,BrandD,REP_E-302,18,11,30,52
2023-09-01,E-303,BrandA,REP_E-303,24,4,32,50
2023-09-01,E-303,BrandB,REP_E-303,21,8,42,58
2023-09-01,E-303,BrandC,REP_E-303,29,9,36,52
2023-09-01,E-303,BrandD,REP_E-303,21,5,39,54
2023-09-01,N-101,BrandA,REP_N-101,23,6,48,46
2023-09-01,N-101,BrandB,REP_N-101,19,6,49,55
2023-09-01,N-101,BrandC,REP_N-101,24,2,37,53
2023-09-01,N-101,BrandD,REP_N-101,20,9,55,59
2023-09-01,N-102,BrandA,REP_N-102,18,3,43,64
2023-09-01,N-102,BrandB,REP_N-102,20,7,30,44
2023-09-01,N-102,BrandC,REP_N-102,21,6,38,43
2023-09-01,N-102,BrandD,REP_N-102,19,7,41,52
2023-09-01,N-103,BrandA,REP_N-103,27,8,48,77
2023-09-01,N-103,BrandB,REP_N-103,19,5,54,67
2023-09-01,N-103,BrandC,REP_N-103,16,6,54,43
2023-09-01,N-103,BrandD,REP_N-103,24,9,44,50
2023-09-01,S-201,BrandA,REP_S-201,17,10,49,57
2023-09-01,S-201,BrandB,REP_S-201,26,9,44,55
2023-09-01,S-201,BrandC,REP_S-201,19,11,43,47
2023-09-01,S-201,BrandD,REP_S-201,15,9,51,69
2023-09-01,S-202,BrandA,REP_S-202,15,8,47,61
2023-09-01,S-202,BrandB,REP_S-202,25,6,37,55
2023-09-01,S-202,BrandC,REP_S-202,23,11,39,50
2023-09-01,S-202,BrandD,REP_S-202,28,4,25,47
2023-09-01,S-203,BrandA,REP_S-203,14,7,47,58
2023-09-01,S-203,BrandB,REP_S-203,19,7,39,51
2023-09-01,S-203,BrandC,REP_S-203,22,13,30,58
2023-09-01,S-203,BrandD,REP_S-203,22,16,41,61
2023-09-01,W-401,BrandA,REP_W-401,18,5,50,49
2023-09-01,W-401,BrandB,REP_W-401,24,4,31,39
2023-09-01,W-401,BrandC,REP_W-401,21,8,46,53
2023-09-01,W-401,BrandD,REP_W-401,21,9,42,54
2023-09-01,W-402,BrandA,REP_W-402,17,6,36,53
2023-09-01,W-402,BrandB,REP_W-402,13,16,31,46
2023-09-01,W-402,BrandC,REP_W-402,24,2,37,39
2023-09-01,W-402,BrandD,REP_W-402,24,9,39,48
2023-09-01,W-403,BrandA,REP_W-403,24,5,41,76
2023-09-01,W-403,BrandB,REP_W-403,25,6,46,59
2023-09-01,W-403,BrandC,REP_W-403,34,11,45,63
2023-09-01,W-403,BrandD,REP_W-403,20,10,43,54
2023-10-01,E-301,BrandA,REP_E-301,20,7,36,68
2023-10-01,E-301,BrandB,REP_E-301,29,5,35,55
2023-10-01,E-301,BrandC,REP_E-301,23,6,35,55
2023-10-01,E-301,BrandD,REP_E-301,18,6,31,57
2023-10-01,E-302,BrandA,REP_E-302,24,7,42,60
2023-10-01,E-302,BrandB,REP_E-302,20,5,47,57
2023-10-01,E-302,BrandC,REP_E-302,23,6,37,59
2023-10-01,E-302,BrandD,REP_E-302,18,12,36,67
2023-10-01,E-303,BrandA,REP_E-303,25,8,36,54
2023-10-01,E-303,BrandB,REP_E-303,18,8,41,54
2023-10-01,E-303,BrandC,REP_E-303,19,8,33,57
2023-10-01,E-303,BrandD,REP_E-303,16,7,41,66
2023-10-01,N-101,BrandA,REP_N-101,19,7,28,54
2023-10-01,N-101,BrandB,REP_N-101,26,4,40,48
2023-10-01,N-101,BrandC,REP_N-101,23,13,43,62
2023-10-01,N-101,BrandD,REP_N-101,27,10,35,48
2023-10-01,N-102,BrandA,REP_N-102,27,4,45,61
2023-10-01,N-102,BrandB,REP_N-102,15,6,36,49
2023-10-01,N-102,BrandC,REP_N-102,22,5,53,61
2023-10-01,N-102,BrandD,REP_N-102,22,8,43,59
2023-10-01,N-103,BrandA,REP_N-103,28,5,43,60
2023-10-01,N-103,BrandB,REP_N-103,24,10,38,43
2023-10-01,N-103,BrandC,REP_N-103,23,6,40,59
2023-10-01,N-103,BrandD,REP_N-103,17,6,44,44
2023-10-01,S-201,BrandA,REP_S-201,18,5,40,57
2023-10-01,S-201,BrandB,REP_S-201,20,8,56,48
2023-10-01,S-201,BrandC,REP_S-201,15,10,43,45
2023-10-01,S-201,BrandD,REP_S-201,27,8,45,48
2023-10-01,S-202,BrandA,REP_S-202,23,6,49,59
2023-10-01,S-202,BrandB,REP_S-202,25,7,39,42
2023-10-01,S-202,BrandC,REP_S-202,19,10,38,46
2023-10-01,S-202,BrandD,REP_S-202,31,7,38,53
2023-10-01,S-203,BrandA,REP_S-203,24,8,39,62
2023-10-01,S-203,BrandB,REP_S-203,20,5,42,57
2023-10-01,S-203,BrandC,REP_S-203,22,6,35,57
2023-10-01,S-203,BrandD,REP_S-203,25,8,44,70
2023-10-01,W-401,BrandA,REP_W-401,24,11,44,66
2023-10-01,W-401,BrandB,REP_W-401,26,14,40,58
2023-10-01,W-401,BrandC,REP_W-401,23,6,34,62
2023-10-01,W-401,BrandD,REP_W-401,20,9,32,48
2023-10-01,W-402,BrandA,REP_W-402,23,9,44,59
2023-10-01,W-402,BrandB,REP_W-402,13,7,35,70
2023-10-01,W-402,BrandC,REP_W-402,21,9,60,71
2023-10-01,W-402,BrandD,REP_W-402,25,6,43,59
2023-10-01,W-403,BrandA,REP_W-403,24,10,36,57
2023-10-01,W-403,BrandB,REP_W-403,18,9,35,60
2023-10-01,W-403,BrandC,REP_W-403,25,9,47,65
2023-10-01,W-403,BrandD,REP_W-403,22,8,39,69
2023-11-01,E-301,BrandA,REP_E-301,23,14,40,49
2023-11-01,E-301,BrandB,REP_E-301,23,10,33,55
2023-11-01,E-301,BrandC,REP_E-301,21,6,34,74
2023-11-01,E-301,BrandD,REP_E-301,24,9,39,52
2023-11-01,E-302,BrandA,REP_E-302,18,12,38,67
2023-11-01,E-302,BrandB,REP_E-302,25,12,32,55
2023-11-01,E-302,BrandC,REP_E-302,21,8,40,47
2023-11-01,E-302,BrandD,REP_E-302,21,6,41,53
2023-11-01,E-303,BrandA,REP_E-303,16,5,35,51
2023-11-01,E-303,BrandB,REP_E-303,22,8,31,43
2023-11-01,E-303,BrandC,REP_E-303,15,8,38,70
2023-11-01,E-303,BrandD,REP_E-303,24,6,36,47
2023-11-01,N-101,BrandA,REP_N-101,17,11,46,63
2023-11-01,N-101,BrandB,REP_N-101,22,5,35,46
2023-11-01,N-101,BrandC,REP_N-101,23,8,55,43
2023-11-01,N-101,BrandD,REP_N-101,30,12,37,48
2023-11-01,N-102,BrandA,REP_N-102,18,8,50,52
2023-11-01,N-102,BrandB,REP_N-102,16,6,46,46
2023-11-01,N-102,BrandC,REP_N-102,18,11,39,46
2023-11-01,N-102,BrandD,REP_N-102,21,13,44,67
2023-11-01,N-103,BrandA,REP_N-103,30,7,36,56
2023-11-01,N-103,BrandB,REP_N-103,30,8,30,56
2023-11-01,N-103,BrandC,REP_N-103,16,10,39,55
2023-11-01,N-103,BrandD,REP_N-103,18,6,42,57
2023-11-01,S-201,BrandA,REP_S-201,28,8,29,56
2023-11-01,S-201,BrandB,REP_S-201,24,9,30,57
2023-11-01,S-201,BrandC,REP_S-201,15,8,48,51
2023-11-01,S-201,BrandD,REP_S-201,21,8,30,54
2023-11-01,S-202,BrandA,REP_S-202,25,14,39,55
2023-11-01,S-202,BrandB,REP_S-202,26,10,31,44
2023-11-01,S-202,BrandC,REP_S-202,18,7,36,47
2023-11-01,S-202,BrandD,REP_S-202,20,3,36,63
2023-11-01,S-203,BrandA,REP_S-203,20,4,40,44
2023-11-01,S-203,BrandB,REP_S-203,24,8,39,45
2023-11-01,S-203,BrandC,REP_S-203,29,10,38,49
2023-11-01,S-203,BrandD,REP_S-203,31,6,40,57
2023-11-01,W-401,BrandA,REP_W-401,18,6,37,66
2023-11-01,W-401,BrandB,REP_W-401,23,6,48,60
2023-11-01,W-401,BrandC,REP_W-401,25,7,40,44
2023-11-01,W-401,BrandD,REP_W-401,20,9,33,58
2023-11-01,W-402,BrandA,REP_W-402,18,9,34,52
2023-11-01,W-402,BrandB,REP_W-402,10,2,33,62
2023-11-01,W-402,BrandC,REP_W-402,24,7,41,58
2023-11-01,W-402,BrandD,REP_W-402,18,10,39,53
2023-11-01,W-403,BrandA,REP_W-403,16,7,42,46
2023-11-01,W-403,BrandB,REP_W-403,15,13,40,43
2023-11-01,W-403,BrandC,REP_W-403,28,7,33,57
2023-11-01,W-403,BrandD,REP_W-403,25,7,33,71
2023-12-01,E-301,BrandA,REP_E-301,25,9,37,51
2023-12-01,E-301,BrandB,REP_E-301,21,5,42,48
2023-12-01,E-301,BrandC,REP_E-301,17,8,30,52
2023-12-01,E-301,BrandD,REP_E-301,22,5,37,60
2023-12-01,E-302,BrandA,REP_E-302,24,12,37,58
2023-12-01,E-302,BrandB,REP_E-302,24,6,41,50
2023-12-01,E-302,BrandC,REP_E-302,9,5,48,52
2023-12-01,E-302,BrandD,REP_E-302,15,11,41,62
2023-12-01,E-303,BrandA,REP_E-303,22,8,49,53
2023-12-01,E-303,BrandB,REP_E-303,23,5,37,48
2023-12-01,E-303,BrandC,REP_E-303,24,9,36,60
2023-12-01,E-303,BrandD,REP_E-303,32,7,46,58
2023-12-01,N-101,BrandA,REP_N-101,22,9,38,52
2023-12-01,N-101,BrandB,REP_N-101,21,7,42,52
2023-12-01,N-101,BrandC,REP_N-101,17,9,38,55
2023-12-01,N-101,BrandD,REP_N-101,16,8,37,59
2023-12-01,N-102,BrandA,REP_N-102,32,15,46,49
2023-12-01,N-102,BrandB,REP_N-102,17,11,35,46
2023-12-01,N-102,BrandC,REP_N-102,28,4,36,43
2023-12-01,N-102,BrandD,REP_N-102,20,8,44,70
2023-12-01,N-103,BrandA,REP_N-103,33,9,46,55
2023-12-01,N-103,BrandB,REP_N-103,17,11,40,55
2023-12-01,N-103,BrandC,REP_N-103,26,11,29,55
2023-12-01,N-103,BrandD,REP_N-103,19,9,39,53
2023-12-01,S-201,BrandA,REP_S-201,32,5,34,58
2023-12-01,S-201,BrandB,REP_S-201,20,7,38,65
2023-12-01,S-201,BrandC,REP_S-201,23,7,45,55
2023-12-01,S-201,BrandD,REP_S-201,18,9,44,65
2023-12-01,S-202,BrandA,REP_S-202,19,10,44,50
2023-12-01,S-202,BrandB,REP_S-202,20,11,46,63
2023-12-01,S-202,BrandC,REP_S-202,18,9,33,52
2023-12-01,S-202,BrandD,REP_S-202,24,9,38,49
2023-12-01,S-203,BrandA,REP_S-203,22,5,37,55
2023-12-01,S-203,BrandB,REP_S-203,24,7,36,63
2023-12-01,S-203,BrandC,REP_S-203,27,8,37,59
2023-12-01,S-203,BrandD,REP_S-203,21,6,36,58
2023-12-01,W-401,BrandA,REP_W-401,25,10,42,65
2023-12-01,W-401,BrandB,REP_W-401,29,9,39,57
2023-12-01,W-401,BrandC,REP_W-401,29,6,35,50
2023-12-01,W-401,BrandD,REP_W-401,18,3,31,59
2023-12-01,W-402,BrandA,REP_W-402,29,6,48,54
2023-12-01,W-402,BrandB,REP_W-402,27,3,36,53
2023-12-01,W-402,BrandC,REP_W-402,26,8,41,51
2023-12-01,W-402,BrandD,REP_W-402,20,4,40,63
2023-12-01,W-403,BrandA,REP_W-403,24,9,42,42
2023-12-01,W-403,BrandB,REP_W-403,15,8,44,50
2023-12-01,W-403,BrandC,REP_W-403,28,6,43,59
2023-12-01,W-403,BrandD,REP_W-403,18,6,39,58
